district_id,above_median_count,below_median_count,low_income_pct,asian_students_pct,black_students_pct,hispanic_students_pct,minority_teachers_pct,teacher_experience_years,teacher_salary_thousands,spending_per_pupil_thousands,pupil_teacher_ratio,college_prep_pct,charter_schools_pct,year_round_schools_pct,tested_count,above_median_rate,low_income_group,charter_group
1,452.0,355.0,34.3973,23.2993,14.23528,11.41112,15.91837,14.70646,59.15732,4.445207,21.71025,57.03276,0.0,22.22222,807,0.5600991325898389,middle,no_charter
2,144.0,40.0,17.36507,29.32838,8.234897,9.314884,13.63636,16.08324,59.50397,5.267598,20.44278,64.62264,0.0,0.0,184,0.782608695652174,low,no_charter
3,337.0,234.0,32.64324,9.226386,42.40631,13.54372,28.83436,14.59559,60.56992,5.482922,18.95419,53.94191,0.0,0.0,571,0.5901926444833625,middle,no_charter
4,395.0,178.0,11.90953,13.88309,3.796973,11.44311,11.11111,14.38939,58.33411,4.165093,21.63539,49.06103,0.0,7.142857,573,0.6893542757417103,low,no_charter
5,8.0,57.0,36.88889,12.1875,76.875,7.604167,43.58974,13.90568,63.15364,4.324902,18.77984,52.38095,0.0,0.0,65,0.12307692307692308,middle,no_charter
6,1348.0,899.0,20.93149,28.02351,4.643221,13.80816,15.37849,14.97755,66.97055,3.916104,24.51914,44.91578,0.0,2.380952,2247,0.599910992434357,low,no_charter
7,477.0,887.0,53.26898,8.447858,19.37483,37.90533,25.52553,14.67829,57.62195,4.270903,22.21278,32.28916,0.0,12.12121,1364,0.3497067448680352,high,no_charter
8,565.0,347.0,15.19009,3.665781,2.64968,13.09207,6.203008,13.66197,63.4474,4.309734,24.59026,30.45267,0.0,0.0,912,0.6195175438596491,low,no_charter
9,205.0,320.0,28.21582,10.43042,6.786374,32.3343,13.46154,16.4176,57.84564,4.527603,21.74138,22.64574,0.0,0.0,525,0.3904761904761905,low,no_charter
10,469.0,598.0,32.77897,17.17831,12.48493,28.32329,27.25989,12.51864,57.80141,4.648917,20.2601,26.07099,0.0,0.0,1067,0.4395501405810684,middle,no_charter
11,784.0,2232.0,59.97293,17.51736,50.94093,23.10134,52.34344,16.93283,57.43444,4.693069,21.31489,19.53216,3.296703,13.18681,3016,0.259946949602122,high,has_charter
12,209.0,26.0,0.0,19.74886,1.864536,2.587519,7.407407,15.86979,52.19346,5.248693,18.51182,80.37975,0.0,0.0,235,0.8893617021276595,low,no_charter
13,195.0,361.0,28.12111,12.69201,19.26582,26.84197,13.37209,14.42864,57.24045,3.980589,21.89844,31.65829,0.0,9.090909,556,0.35071942446043164,low,no_charter
14,206.0,482.0,36.99047,10.03236,15.42302,30.74434,13.50763,13.29753,58.41374,4.197615,23.12943,31.15079,0.0,0.0,688,0.29941860465116277,middle,no_charter
15,136.0,116.0,12.92796,7.172996,4.825949,13.2384,6.185567,17.47108,65.57086,5.382009,20.68333,34.83146,0.0,0.0,252,0.5396825396825397,low,no_charter
16,694.0,231.0,4.700895,8.736718,1.745657,6.932029,7.127883,16.18176,67.36755,4.607673,24.65106,39.63415,0.0,0.0,925,0.7502702702702703,low,no_charter
17,204.0,173.0,20.25979,0.485745,0.802534,5.976769,2.439024,15.30949,51.31163,4.025593,24.82292,36.19403,0.0,91.66667,377,0.5411140583554377,low,no_charter
18,31.0,38.0,42.66827,2.836879,0.945627,23.87707,10.6383,11.83962,55.99032,5.151626,17.91209,24.44444,0.0,0.0,69,0.4492753623188406,middle,no_charter
19,601.0,491.0,33.12923,6.305412,2.766154,12.86616,6.17284,14.60144,58.5586,4.004401,22.73008,49.65517,4.347826,26.08696,1092,0.5503663003663004,middle,has_charter
20,64.0,51.0,29.39297,1.071155,0.765111,9.716909,4.477612,14.04527,53.7723,4.518034,21.18506,51.02041,0.0,0.0,115,0.5565217391304348,low,no_charter
21,51.0,88.0,52.99313,6.217371,0.332226,38.72805,7.619048,14.17395,50.69512,4.114065,20.41136,23.27586,0.0,0.0,139,0.3669064748201439,high,no_charter
22,220.0,229.0,35.08836,0.829217,0.388144,4.622442,4.135338,14.30221,55.27874,4.148228,21.91947,25.0,23.07692,15.38462,449,0.48997772828507796,middle,has_charter
23,151.0,158.0,37.20441,0.569948,1.11399,6.321244,5.357143,13.60247,50.66849,3.975448,24.86918,22.97872,0.0,8.333333,309,0.4886731391585761,middle,no_charter
24,36.0,80.0,54.26829,0.549786,0.549786,40.74527,7.407407,14.87105,52.537,4.205362,19.44511,36.28319,0.0,0.0,116,0.3103448275862069,high,no_charter
25,15.0,66.0,65.82397,0.264085,3.873239,58.89085,6.557377,10.92652,46.29179,4.469798,19.52548,37.93103,0.0,0.0,81,0.18518518518518517,high,no_charter
26,5.0,61.0,78.54077,1.282051,0.0,78.4188,20.83333,11.47788,49.26719,3.893337,21.12311,19.23077,0.0,0.0,66,0.07575757575757576,high,no_charter
27,541.0,718.0,30.07553,3.626196,10.50386,20.94431,8.66575,13.69108,62.3412,4.01139,23.88905,23.85445,0.0,72.22222,1259,0.42970611596505165,low,no_charter
28,86.0,104.0,28.24601,6.893424,19.81859,16.78005,12.7451,15.91555,59.17653,4.225738,22.18379,18.0,0.0,0.0,190,0.45263157894736844,low,no_charter
29,142.0,180.0,22.33375,2.523732,3.310952,14.03103,10.30928,16.15686,59.23072,4.114418,21.74332,34.42623,0.0,0.0,322,0.4409937888198758,low,no_charter
30,1365.0,1029.0,22.62465,7.697888,4.902207,16.77688,9.421586,15.32368,57.12858,3.928696,22.14162,37.63838,0.0,0.0,2394,0.5701754385964912,low,no_charter
31,201.0,447.0,51.78493,4.59893,27.79679,35.1016,30.02481,15.97489,58.78893,4.049181,22.873,85.11166,0.0,8.333333,648,0.3101851851851852,high,no_charter
32,585.0,1364.0,51.23848,13.02024,35.10118,25.52703,25.82688,17.18977,62.6641,4.347936,22.8705,36.5,0.0,8.474576,1949,0.3001539250897896,high,no_charter
33,1247.0,170.0,1.895322,9.925228,1.633719,4.276349,4.503464,15.92369,59.97694,4.035189,23.34687,50.74503,0.0,0.0,1417,0.8800282286520819,low,no_charter
34,165.0,238.0,42.51143,6.252442,0.410317,10.17976,8.076923,14.70948,58.23381,4.73328,20.67364,15.50388,0.0,0.0,403,0.4094292803970223,middle,no_charter
35,135.0,194.0,45.42344,1.501194,0.904128,26.2709,5.338078,14.35703,55.74014,4.323754,21.53458,86.722,0.0,0.0,329,0.41033434650455924,middle,no_charter
36,106.0,87.0,30.16965,0.797373,0.515948,2.251407,1.904762,14.23233,51.82237,4.030978,21.47295,32.45614,0.0,0.0,193,0.5492227979274611,low,no_charter
37,1496.0,771.0,23.43337,11.75065,2.871447,19.03101,15.94416,11.8789,53.15807,4.242702,22.70517,40.50633,0.0,0.0,2267,0.6599029554477283,low,no_charter
38,68.0,204.0,57.9224,0.871731,0.647572,68.74222,18.93491,11.19787,61.08544,4.258425,24.4786,14.83516,0.0,0.0,272,0.25,high,no_charter
39,55.0,89.0,60.59908,7.196613,0.84666,72.34243,24.7619,11.83632,51.53734,3.80779,21.07004,38.7931,0.0,0.0,144,0.3819444444444444,high,no_charter
40,1455.0,3563.0,62.01977,19.65177,11.31566,45.23962,23.40485,14.67996,61.0953,4.685643,22.25973,27.47559,0.0,31.11111,5018,0.2899561578318055,high,no_charter
41,84.0,112.0,35.60339,2.518757,0.375134,67.73848,7.913669,15.34516,54.70222,6.836694,21.14435,41.57895,71.42857,0.0,196,0.42857142857142855,middle,has_charter
42,136.0,481.0,63.17132,1.40625,0.600962,71.35817,16.79198,14.46149,55.18478,4.478657,22.25652,16.78657,0.0,6.25,617,0.22042139384116693,high,no_charter
43,6.0,58.0,72.91667,1.238739,0.563063,70.04505,3.921569,11.55763,39.72835,3.899132,18.23651,13.04348,0.0,0.0,64,0.09375,high,no_charter
44,21.0,168.0,91.60484,0.214362,0.107181,98.821,62.18487,11.92754,55.52729,4.223126,21.68654,13.38583,0.0,40.0,189,0.1111111111111111,high,no_charter
45,132.0,420.0,57.00249,4.322917,0.585938,70.66406,23.48066,14.00443,52.15526,4.382061,21.71153,23.02326,0.0,0.0,552,0.2391304347826087,high,no_charter
46,78.0,212.0,69.6452,3.972303,1.020408,76.71283,27.6,13.01188,53.53164,4.180037,22.50103,14.69194,0.0,0.0,290,0.2689655172413793,high,no_charter
47,16.0,130.0,87.83718,0.405405,1.216216,90.45045,32.40741,10.37561,51.40056,4.317728,20.49057,30.85106,0.0,0.0,146,0.1095890410958904,high,no_charter
48,211.0,374.0,49.25084,10.15299,7.874184,42.32374,16.53944,10.0809,54.56874,4.006118,22.59174,37.66667,0.0,76.92308,585,0.3606837606837607,middle,no_charter
49,82.0,192.0,69.49807,5.350028,0.313034,70.43256,22.64151,12.32314,54.54601,4.283101,22.15424,40.0,0.0,60.0,274,0.29927007299270075,high,no_charter
50,16.0,139.0,87.77725,0.533463,0.581959,97.76916,40.0,12.20753,60.30318,3.933777,25.6375,47.16981,0.0,0.0,155,0.1032258064516129,high,no_charter
51,35.0,109.0,86.54599,1.71371,0.201613,92.2379,26.08696,14.58066,62.75826,5.2428,21.72113,19.17808,0.0,0.0,144,0.24305555555555555,high,no_charter
52,90.0,53.0,21.60468,0.540541,0.29106,7.484407,1.526718,17.11242,62.52282,5.879966,19.48512,26.37363,0.0,0.0,143,0.6293706293706294,low,no_charter
53,23.0,44.0,64.85075,0.667111,3.068712,64.50967,14.92537,11.36918,47.73257,3.5119,21.48872,10.66667,0.0,0.0,67,0.34328358208955223,high,no_charter
54,76.0,62.0,53.125,21.75227,0.906344,20.74522,4.651163,15.73608,60.02066,4.325154,24.48113,47.11538,0.0,0.0,138,0.5507246376811594,high,no_charter
55,73.0,110.0,44.97466,1.348412,0.826446,33.18834,5.932203,16.25328,55.6538,4.602903,20.85538,49.19355,0.0,0.0,183,0.3989071038251366,middle,no_charter
56,38.0,50.0,76.32121,0.0,0.655977,2.842566,30.0,14.78554,65.66547,5.770566,19.64964,25.92593,0.0,0.0,88,0.4318181818181818,high,no_charter
57,23.0,86.0,33.91672,0.71475,1.169591,2.988954,0.0,15.79261,56.05594,4.427872,21.31544,44.70588,0.0,0.0,109,0.21100917431192662,middle,no_charter
58,40.0,19.0,11.71617,0.5,0.0,4.666667,0.0,15.5122,54.64567,4.893857,20.32154,34.14634,0.0,0.0,59,0.6779661016949152,low,no_charter
59,67.0,306.0,54.25667,0.518807,0.277932,80.21123,35.04274,14.95651,66.53025,4.304715,23.78075,33.89831,0.0,0.0,373,0.17962466487935658,high,no_charter
60,91.0,415.0,43.95482,1.432902,0.055112,97.51998,70.09967,14.58775,67.37006,4.266618,23.57191,15.82569,0.0,0.0,506,0.17984189723320157,middle,no_charter
61,36.0,62.0,74.30168,0.421941,5.555556,71.58931,40.57971,12.21709,53.51974,4.518243,20.625,29.41176,0.0,0.0,98,0.3673469387755102,high,no_charter
62,133.0,445.0,62.10008,1.554243,2.9427,82.64429,33.41289,15.2063,66.12509,4.453164,23.32139,31.30288,0.0,0.0,578,0.2301038062283737,high,no_charter
63,19.0,143.0,63.91804,0.399003,0.149626,70.47382,26.88172,11.60701,56.62257,4.245811,21.68514,32.14286,0.0,0.0,162,0.11728395061728394,high,no_charter
64,75.0,104.0,39.94452,0.749229,2.688409,60.77567,24.5283,9.224783,51.16703,3.708859,20.85687,34.92063,0.0,0.0,179,0.41899441340782123,middle,no_charter
65,4.0,46.0,76.8279,0.0,3.00578,31.09827,20.40816,15.31852,60.14108,5.355161,18.99177,19.35484,0.0,0.0,50,0.08,high,no_charter
66,126.0,44.0,25.58849,0.762389,0.508259,11.01228,5.454545,16.50992,59.80555,4.349222,23.45035,40.71856,0.0,0.0,170,0.7411764705882353,low,no_charter
67,104.0,446.0,68.64343,0.780814,1.728946,76.8879,31.81818,12.21163,58.86169,3.71492,25.99096,14.03509,0.0,0.0,550,0.1890909090909091,high,no_charter
68,45.0,142.0,40.599,1.107011,14.87085,24.53875,7.627119,15.24427,63.0422,4.572615,24.41998,32.48408,0.0,37.5,187,0.24064171122994651,middle,no_charter
69,75.0,92.0,31.86047,2.014723,12.43704,7.477722,9.848485,15.32667,63.498,5.767594,20.30722,32.8,0.0,0.0,167,0.4491017964071856,low,no_charter
70,68.0,151.0,49.35103,1.697439,8.219178,31.98332,9.45946,13.08426,58.1592,4.284445,23.427,15.49296,0.0,33.33333,219,0.3105022831050228,high,no_charter
71,58.0,135.0,51.46237,0.361248,0.755337,17.76683,2.739726,14.43697,62.6331,5.763701,21.05658,17.79141,0.0,0.0,193,0.3005181347150259,high,no_charter
72,156.0,168.0,24.99504,0.42042,2.722723,17.3974,4.524887,14.79,60.45509,4.308128,22.87165,29.72973,0.0,0.0,324,0.48148148148148145,low,no_charter
73,43.0,212.0,65.89027,0.471815,4.395332,78.91731,21.10092,14.93269,61.8039,4.139937,24.51174,14.01515,0.0,0.0,255,0.16862745098039217,high,no_charter
74,208.0,255.0,32.59873,2.233486,4.79962,10.89815,5.629139,14.35102,62.45315,4.537569,22.04157,38.66279,0.0,0.0,463,0.44924406047516197,middle,no_charter
75,18.0,182.0,81.96457,0.311527,0.233645,92.01713,31.89655,13.13246,55.36986,4.428046,22.50856,23.68421,0.0,0.0,200,0.09,high,no_charter
76,47.0,44.0,37.83202,0.358423,0.860215,13.69176,8.333333,10.38143,55.94207,4.098994,24.92174,0.0,0.0,0.0,91,0.5164835164835165,middle,no_charter
77,45.0,152.0,64.27918,0.463822,4.050711,79.37539,17.36111,15.31545,66.4042,4.605861,22.67635,15.58442,0.0,0.0,197,0.22842639593908629,high,no_charter
78,14.0,147.0,86.49362,0.0,0.734095,89.96737,15.59633,11.06066,57.64157,4.543492,21.75277,26.19048,0.0,0.0,161,0.08695652173913043,high,no_charter
79,91.0,74.0,45.5702,0.954199,1.335878,22.08969,7.207207,14.75781,54.0406,4.83232,20.08333,50.9434,0.0,0.0,165,0.5515151515151515,middle,no_charter
80,52.0,154.0,73.609,0.829611,5.966816,9.60434,6.329114,13.7825,54.43995,4.354388,20.6129,10.60606,0.0,100.0,206,0.2524271844660194,high,no_charter
81,85.0,62.0,46.29523,0.659703,1.869159,15.66795,3.448276,15.13131,58.96214,4.361361,21.41705,28.42105,0.0,0.0,147,0.5782312925170068,middle,no_charter
82,77.0,39.0,26.79575,0.723764,0.361882,8.685163,1.204819,11.29516,50.09641,3.93239,19.15049,40.69767,0.0,0.0,116,0.6637931034482759,low,no_charter
83,23.0,38.0,52.91709,1.732926,2.85423,8.25688,6.25,14.98707,59.9954,5.022533,21.89956,37.70492,0.0,0.0,61,0.3770491803278688,high,no_charter
84,8.0,35.0,41.9708,0.0,0.571429,9.142857,3.030303,17.90429,55.17685,5.259958,18.96552,18.18182,0.0,0.0,43,0.18604651162790697,middle,no_charter
85,879.0,720.0,30.50552,32.46542,10.40141,32.6598,36.00406,15.25756,59.28909,4.219665,22.57679,49.73262,0.0,3.333333,1599,0.549718574108818,low,no_charter
86,640.0,131.0,8.362214,52.59396,1.21304,9.888444,8.900524,15.98201,64.41547,4.166218,24.2746,60.84011,0.0,27.27273,771,0.8300907911802854,low,no_charter
87,200.0,600.0,70.73827,0.959561,3.152844,78.94106,25.95573,14.49885,64.61103,4.379243,23.98186,19.42446,0.0,11.11111,800,0.25,high,no_charter
88,268.0,761.0,62.87168,4.72375,1.793829,85.46998,27.21202,15.06211,67.83996,3.819118,27.50542,26.77165,0.0,0.0,1029,0.26044703595724006,high,no_charter
89,108.0,291.0,79.6766,2.102924,2.102924,89.14344,45.6,14.39982,62.08461,4.432065,23.55966,20.98765,0.0,0.0,399,0.2706766917293233,high,no_charter
90,260.0,667.0,49.17215,5.575448,18.15857,38.48009,12.27437,13.04228,58.55052,3.988183,23.88522,17.99729,0.0,7.142857,927,0.28047464940668826,middle,no_charter
91,346.0,71.0,9.733488,10.93985,3.571429,4.097744,10.81967,18.2,62.45576,6.015758,17.72469,61.88437,0.0,0.0,417,0.829736211031175,low,no_charter
92,426.0,378.0,25.84395,5.866005,4.823821,27.58313,9.501188,16.89201,62.02176,4.054136,24.11424,51.76471,0.0,0.0,804,0.5298507462686567,low,no_charter
93,436.0,556.0,37.6798,5.688124,2.774695,36.95893,13.16667,14.46938,62.40043,4.138196,23.95766,32.4291,0.0,5.263158,992,0.43951612903225806,middle,no_charter
94,209.0,255.0,23.9477,5.265554,4.871017,36.61608,11.76471,15.32254,61.53467,4.024875,24.12297,38.72549,0.0,0.0,464,0.4504310344827586,low,no_charter
95,338.0,145.0,20.80702,10.11185,12.00121,20.87364,11.70886,13.90775,61.44766,4.401148,21.54203,53.16973,0.0,0.0,483,0.6997929606625258,low,no_charter
96,450.0,508.0,37.64495,8.548446,5.798903,50.82998,14.25993,13.90046,62.29003,4.265807,24.2564,42.08443,0.0,0.0,958,0.4697286012526096,middle,no_charter
97,144.0,244.0,33.51168,10.20237,17.91269,36.81218,18.65079,15.38502,62.13202,4.282612,22.95729,41.17647,0.0,0.0,388,0.3711340206185567,middle,no_charter
98,538.0,774.0,42.84095,5.595576,4.80418,63.33705,14.59948,12.29348,64.63193,3.979219,25.1415,23.26733,0.0,0.0,1312,0.4100609756097561,middle,no_charter
99,71.0,202.0,61.40009,2.775971,13.20755,61.96053,30.0,16.06842,59.30374,4.179698,25.22527,15.01597,0.0,0.0,273,0.2600732600732601,high,no_charter
100,130.0,552.0,68.0851,0.683527,0.580998,94.48052,51.81452,16.27428,65.653,4.338243,22.49503,33.67003,0.0,0.0,682,0.1906158357771261,high,no_charter
101,125.0,87.0,13.80008,6.320789,3.397881,14.8703,4.761905,11.92766,57.36205,4.718115,21.28874,38.99371,0.0,0.0,212,0.589622641509434,low,no_charter
102,1326.0,1001.0,50.67402,12.12724,1.119947,23.8668,12.23958,13.22109,73.039,4.224937,26.6702,26.38655,0.0,34.48276,2327,0.5698324022346368,high,no_charter
103,339.0,245.0,14.82624,4.119138,1.292776,16.56527,6.329114,14.99266,63.78461,4.13035,24.90064,33.6,0.0,0.0,584,0.5804794520547946,low,no_charter
104,222.0,889.0,69.00829,0.192555,43.09138,55.36819,63.43907,15.01983,63.04099,3.74833,27.40275,38.88889,0.0,57.89474,1111,0.1998199819981998,high,no_charter
105,287.0,39.0,1.421801,26.20056,0.541431,3.060264,8.205128,15.02579,63.79163,4.705506,21.59624,66.18182,0.0,0.0,326,0.8803680981595092,low,no_charter
106,671.0,157.0,2.971741,7.57133,1.366449,4.975937,7.024793,17.00701,64.74985,4.41405,24.23913,60.62323,0.0,0.0,828,0.8103864734299517,low,no_charter
107,1930.0,3747.0,64.2387,14.16632,20.33687,40.48983,29.10875,13.3098,59.29818,4.210309,22.98312,41.37823,2.325581,19.76744,5677,0.33996829311255944,high,has_charter
108,9324.0,29528.0,73.18394,4.308746,13.79525,68.52417,45.46139,20.54574,73.07307,4.365276,23.42095,49.30618,2.321981,32.19814,38852,0.23998764542365902,high,has_charter
109,113.0,826.0,59.29694,0.224649,12.05616,86.5273,52.48714,15.79301,67.06302,4.064954,27.05961,15.08475,0.0,50.0,939,0.12034078807241747,high,no_charter
110,144.0,257.0,56.89858,1.915122,14.06465,48.07722,17.54386,14.42588,57.1933,4.017302,22.55472,25.94752,0.0,11.11111,401,0.35910224438902744,high,no_charter
111,377.0,1716.0,75.0343,4.879927,0.447129,90.5185,59.52981,16.92341,67.60591,3.810285,27.99578,28.54167,0.0,25.0,2093,0.18012422360248448,high,no_charter
112,388.0,1048.0,44.02203,4.939493,5.01597,62.97629,29.22002,15.62108,60.66556,3.616505,25.62582,21.50866,0.0,7.142857,1436,0.27019498607242337,middle,no_charter
113,597.0,81.0,1.943602,30.02693,1.723209,3.941842,7.474227,18.94287,59.82121,3.946788,24.11441,89.13043,0.0,0.0,678,0.8805309734513275,low,no_charter
114,185.0,903.0,58.22835,1.78362,14.61458,75.7082,35.24845,11.80146,63.19071,4.370215,24.5058,5.430712,0.0,73.33333,1088,0.17003676470588236,high,no_charter
115,365.0,987.0,61.8811,2.22193,32.00543,47.11193,42.18415,14.27299,64.58404,4.443599,23.86713,39.65517,0.0,0.0,1352,0.26997041420118345,high,no_charter
116,575.0,1408.0,73.5053,6.393463,11.23378,71.20447,48.69857,16.68337,65.62877,4.007186,26.04422,8.27719,0.0,23.68421,1983,0.28996469994957136,high,no_charter
117,246.0,19.0,0.26534,63.20234,0.487171,3.345242,6.944444,15.90786,57.54338,4.619277,22.17736,78.1893,0.0,0.0,265,0.9283018867924528,low,no_charter
118,429.0,324.0,26.09065,5.531472,8.617999,27.07647,22.2664,15.874,65.96343,5.06335,22.31528,65.10638,0.0,0.0,753,0.5697211155378487,low,no_charter
119,234.0,66.0,11.67883,32.08936,4.467806,18.21288,13.01775,16.19645,61.16962,4.043499,22.99094,64.07407,0.0,0.0,300,0.78,low,no_charter
120,237.0,139.0,27.32198,38.10775,1.445466,20.36794,7.359307,13.7875,59.4173,4.035891,23.64895,31.56499,0.0,0.0,376,0.6303191489361702,low,no_charter
121,1108.0,624.0,17.70193,28.47688,3.996755,15.8333,19.65726,13.31861,59.55529,3.822103,23.78323,45.95661,0.0,0.0,1732,0.6397228637413395,low,no_charter
122,194.0,433.0,47.30717,9.43911,9.122654,58.16237,17.52022,13.90339,56.84137,3.907338,24.42266,29.06178,0.0,0.0,627,0.3094098883572568,middle,no_charter
123,258.0,1585.0,78.42391,0.054539,35.72962,62.92736,80.17493,14.79315,58.99142,3.743125,28.09997,41.78905,0.0,2.564103,1843,0.13998914812805208,high,no_charter
124,609.0,1038.0,40.23607,16.39995,2.539347,67.97602,28.90365,17.39357,62.3253,4.103139,25.05607,38.67849,0.0,0.0,1647,0.3697632058287796,middle,no_charter
125,606.0,607.0,33.85063,18.78119,6.688608,55.35089,29.18239,16.1731,62.27731,4.369675,24.44574,30.26188,0.0,0.0,1213,0.49958779884583676,middle,no_charter
126,831.0,340.0,6.196674,42.31389,5.721689,18.18054,17.73649,14.82445,60.55524,3.98278,24.25086,57.78547,0.0,0.0,1171,0.7096498719043552,low,no_charter
127,185.0,134.0,53.4557,36.40237,1.889589,43.47907,22.06573,14.12308,57.66326,3.814974,23.16667,0.0,11.11111,0.0,319,0.5799373040752351,high,has_charter
128,109.0,83.0,28.17235,1.443203,1.722533,11.91806,7.446809,11.72804,58.88017,3.806893,24.82222,0.0,0.0,0.0,192,0.5677083333333334,low,no_charter
129,242.0,57.0,7.197273,7.00382,1.819174,8.659269,7.936508,15.21719,64.22489,5.093928,21.58711,43.08943,0.0,0.0,299,0.8093645484949833,low,no_charter
130,298.0,191.0,25.63993,7.277444,5.188422,23.18405,10.24845,16.50521,68.09637,5.006776,22.47522,51.54062,0.0,0.0,489,0.6094069529652352,low,no_charter
131,48.0,111.0,59.28721,0.941378,2.524604,41.63457,6.666667,12.20542,53.26582,3.87324,23.55149,25.40984,0.0,0.0,159,0.3018867924528302,high,no_charter
132,362.0,768.0,60.0239,1.152145,3.543626,67.3538,26.82927,14.05485,56.27459,4.064557,23.45833,31.99405,0.0,45.0,1130,0.32035398230088497,high,no_charter
133,412.0,152.0,14.79229,4.893837,2.770585,11.10823,3.562341,16.62018,53.79499,4.365513,20.39636,48.08511,6.25,12.5,564,0.7304964539007093,low,has_charter
134,144.0,133.0,34.76768,7.884136,5.198542,36.17878,8.536585,15.19114,53.33638,4.458969,20.96682,53.59281,0.0,0.0,277,0.51985559566787,middle,no_charter
135,28.0,24.0,0.0,0.480192,0.480192,28.69148,7.407407,13.72615,60.9925,6.459384,16.40535,26.0,0.0,0.0,52,0.5384615384615384,low,no_charter
136,112.0,113.0,27.00072,0.511322,0.292184,6.208912,1.459854,15.59845,51.69282,4.183603,21.53846,29.80132,0.0,0.0,225,0.49777777777777776,low,no_charter
137,21.0,17.0,55.9322,0.840336,1.344538,45.37815,0.0,12.756,48.85596,6.406862,14.31604,44.73684,0.0,0.0,38,0.5526315789473685,high,no_charter
138,98.0,90.0,37.29968,1.162791,0.415282,19.68439,2.272727,17.13074,56.33678,4.990487,19.47287,25.89928,0.0,0.0,188,0.5212765957446809,middle,no_charter
139,240.0,249.0,46.92754,0.969469,1.114166,22.81869,4.848485,17.4015,64.53571,4.838431,21.34488,33.33333,0.0,36.36364,489,0.49079754601226994,middle,no_charter
140,67.0,104.0,46.53846,0.846154,0.692308,11.57692,2.985075,17.472,56.56813,4.611976,20.82808,26.38037,0.0,0.0,171,0.391812865497076,middle,no_charter
141,13.0,20.0,56.33117,0.517241,0.689655,3.965517,4.651163,12.49787,48.8676,6.578053,15.73298,34.21053,0.0,0.0,33,0.3939393939393939,high,no_charter
142,60.0,123.0,37.78899,1.586639,0.292276,17.32777,11.71171,13.41706,58.10255,4.361619,22.78612,20.8,0.0,16.66667,183,0.32786885245901637,middle,no_charter
143,14.0,34.0,41.43167,0.915565,0.0,84.13021,25.5814,12.77143,55.70923,4.140527,22.18527,24.74227,0.0,0.0,48,0.2916666666666667,middle,no_charter
144,123.0,332.0,50.92824,1.244953,4.862046,53.17968,12.1673,12.07816,55.07462,4.075188,21.77028,33.93502,0.0,50.0,455,0.2703296703296703,high,no_charter
145,23.0,85.0,52.40793,0.614335,0.955631,50.44369,8.333333,11.98961,53.6099,4.080966,21.15774,49.27536,0.0,0.0,108,0.21296296296296297,high,no_charter
146,33.0,148.0,60.91821,0.156801,6.31125,61.70129,15.44118,11.49135,54.8027,4.750999,18.81218,19.59459,0.0,0.0,181,0.18232044198895028,high,no_charter
147,37.0,57.0,33.27773,0.75,0.75,10.41667,1.612903,11.68088,55.85474,4.786679,19.22953,32.78689,0.0,0.0,94,0.39361702127659576,middle,no_charter
148,19.0,28.0,64.85084,0.0,0.0,52.38095,4.761905,12.95532,50.84007,4.851063,18.40095,45.71429,0.0,0.0,47,0.40425531914893614,high,no_charter
149,24.0,16.0,45.93373,0.310078,0.775194,14.10853,2.222222,14.03431,52.32031,6.283433,14.6697,76.92308,0.0,0.0,40,0.6,middle,no_charter
150,45.0,48.0,21.84007,0.582848,0.083264,21.81515,4.83871,14.98485,60.15944,4.806483,20.59423,42.85714,0.0,0.0,93,0.4838709677419355,low,no_charter
151,149.0,52.0,10.70682,2.977162,1.305057,7.544861,4.8,17.29423,69.88739,5.676651,20.67854,55.92105,0.0,0.0,201,0.7412935323383084,low,no_charter
152,255.0,518.0,40.13453,8.813424,15.63724,25.22573,17.65705,19.47192,61.01163,4.496243,20.60704,28.90792,0.0,95.2381,773,0.3298835705045278,middle,no_charter
153,105.0,49.0,14.27955,4.711581,1.893439,7.089388,2.941176,17.54195,63.90955,4.756384,22.6321,48.17518,0.0,0.0,154,0.6818181818181818,low,no_charter
154,107.0,250.0,40.66667,1.844262,1.285395,49.23621,20.1581,14.68534,56.61921,4.356072,21.57957,60.59783,0.0,0.0,357,0.29971988795518206,middle,no_charter
155,60.0,103.0,67.26937,0.273879,0.410818,86.51147,24.19355,11.88684,58.89312,4.200852,24.90864,11.30435,0.0,0.0,163,0.36809815950920244,high,no_charter
156,21.0,40.0,45.67023,0.682594,0.341297,47.09898,4.545455,13.51122,54.34489,4.650725,20.97387,50.0,0.0,0.0,61,0.3442622950819672,middle,no_charter
157,587.0,611.0,32.70906,1.396074,1.776254,26.488,6.388527,15.47587,54.78513,3.912949,21.83841,29.25258,3.333333,0.0,1198,0.48998330550918195,middle,has_charter
158,58.0,54.0,34.43425,0.738007,0.430504,37.45387,14.63415,15.64778,51.43444,4.386959,21.20205,44.14414,0.0,0.0,112,0.5178571428571429,middle,no_charter
159,300.0,155.0,16.1578,8.398994,2.17938,21.62615,4.897959,15.22727,57.19342,3.825952,25.22776,40.72022,0.0,0.0,455,0.6593406593406593,low,no_charter
160,1804.0,888.0,17.33803,4.709514,1.580624,16.95375,9.391933,12.69992,60.77938,3.802974,23.00043,44.82558,0.0,10.52632,2692,0.6701337295690936,low,no_charter
161,1473.0,1534.0,48.15608,28.71155,1.29107,44.05147,11.48612,15.67656,65.18442,3.835549,24.67322,20.3813,0.0,0.0,3007,0.48985700033255736,middle,no_charter
162,145.0,43.0,9.316273,1.88383,1.216641,9.22292,7.619048,16.90641,70.27437,4.481474,24.26357,74.28571,0.0,0.0,188,0.7712765957446809,low,no_charter
163,688.0,498.0,39.02544,4.683563,1.235117,34.12381,4.426788,16.00117,60.20204,4.349231,22.48276,42.87149,0.0,0.0,1186,0.5801011804384486,middle,no_charter
164,1035.0,956.0,36.01998,10.88242,2.085541,36.82177,9.424084,16.81767,56.41511,3.586935,25.44882,47.33026,2.564103,12.82051,1991,0.5198392767453541,middle,has_charter
165,1238.0,637.0,21.01388,8.124397,1.88846,25.92012,11.39742,15.15302,63.10153,4.172242,24.71715,36.56174,0.0,0.0,1875,0.6602666666666667,low,no_charter
166,610.0,2781.0,73.27723,4.408512,1.079825,90.79082,26.48752,14.97092,69.82454,4.102145,25.03219,21.72937,0.0,56.25,3391,0.1798879386611619,high,no_charter
167,1607.0,756.0,10.5345,8.401664,2.167491,14.81068,6.056435,14.9799,60.3722,3.840866,22.19101,53.79189,0.0,0.0,2363,0.6800677105374524,low,no_charter
168,526.0,548.0,29.86897,8.276043,4.655274,41.6814,5.263158,13.01412,57.83115,3.62953,24.16947,39.59538,0.0,0.0,1074,0.4897579143389199,low,no_charter
169,1421.0,378.0,10.5165,25.1637,3.039764,7.41078,9.255725,16.09776,62.55098,4.352488,22.65816,0.0,0.0,9.67742,1799,0.7898832684824902,low,no_charter
170,416.0,205.0,11.60025,8.99128,3.111006,11.53665,10.13333,15.09307,67.28494,4.726529,23.19879,49.59217,0.0,10.0,621,0.6698872785829307,low,no_charter
171,204.0,154.0,23.35644,0.627574,0.431457,17.70935,6.617647,13.59359,49.51303,4.638098,19.67842,44.13146,0.0,0.0,358,0.5698324022346368,low,no_charter
172,49.0,133.0,28.66097,0.56281,1.440792,17.42458,4.878049,13.33273,42.65839,3.503698,24.26859,27.46114,62.5,0.0,182,0.2692307692307692,low,has_charter
173,276.0,169.0,17.13624,3.538945,1.372581,6.664462,4.651163,11.19239,52.65482,3.596095,23.0433,0.0,0.0,0.0,445,0.6202247191011236,low,no_charter
174,132.0,156.0,36.66211,0.663533,1.216478,6.856511,2.717391,16.15405,56.50012,4.912702,21.23209,33.19328,0.0,0.0,288,0.4583333333333333,middle,no_charter
175,280.0,798.0,42.29029,4.021226,7.222877,47.15802,17.24138,13.00708,62.3907,3.758198,25.18195,41.66667,0.0,70.58824,1078,0.2597402597402597,middle,no_charter
176,54.0,281.0,75.52987,13.36851,13.85224,36.69745,20.29703,13.81733,60.07478,4.456322,21.89966,41.81818,0.0,12.5,335,0.16119402985074627,high,no_charter
177,53.0,166.0,58.74644,1.151316,3.426535,34.64912,9.027778,15.96616,59.27044,4.07074,24.75627,26.25,0.0,12.5,219,0.2420091324200913,high,no_charter
178,849.0,1273.0,41.51139,3.604238,4.644538,41.77843,11.37321,13.54297,64.06346,4.083554,25.23114,34.63727,0.0,34.28571,2122,0.4000942507068803,middle,no_charter
179,387.0,1047.0,55.99125,1.264684,2.467791,60.04168,15.80882,12.68737,64.12352,3.937206,25.2138,43.17181,4.347826,0.0,1434,0.2698744769874477,high,has_charter
180,456.0,629.0,62.40778,1.435897,2.666667,29.23077,9.03328,15.50251,59.73505,3.916537,24.51756,21.42857,0.0,5.263158,1085,0.4202764976958525,high,no_charter
181,300.0,899.0,50.21092,1.388811,5.304256,53.2545,23.78976,13.27531,62.06872,3.826458,24.66667,26.38353,0.0,4.166667,1199,0.25020850708924103,high,no_charter
182,644.0,1656.0,43.06891,3.265436,23.676,35.35328,23.12358,14.01194,58.40116,4.173917,24.0922,25.59242,2.857143,22.85714,2300,0.28,middle,has_charter
183,319.0,907.0,62.50497,1.157494,5.942876,53.49124,8.933333,13.07002,57.24297,4.143368,24.20104,13.75405,0.0,9.52381,1226,0.2601957585644372,high,no_charter
184,93.0,145.0,55.91289,0.632911,10.52215,52.08333,10.79545,14.11026,61.88548,4.694474,22.19581,20.93023,0.0,0.0,238,0.3907563025210084,high,no_charter
185,860.0,1528.0,47.23435,3.598305,10.32666,40.11093,21.7477,10.97662,61.44565,4.384205,23.56853,33.77246,0.0,19.04762,2388,0.3601340033500838,middle,no_charter
186,92.0,214.0,64.1791,1.007308,3.851471,50.81967,7.446809,13.11981,58.04066,3.564449,26.02162,11.93182,12.5,25.0,306,0.3006535947712418,high,has_charter
187,86.0,776.0,85.51459,0.138122,0.276243,96.16713,36.46532,11.92077,61.38559,4.099012,25.27964,13.5468,0.0,0.0,862,0.09976798143851508,high,no_charter
188,307.0,683.0,38.11647,1.790807,4.072428,30.11209,11.41869,13.05375,62.32666,3.960634,25.39694,25.3833,0.0,83.33333,990,0.3101010101010101,middle,no_charter
189,587.0,442.0,18.16999,1.957028,3.825099,17.78432,8.097928,12.19485,64.15611,3.664265,25.5498,25.86806,6.25,81.25,1029,0.5704567541302236,low,has_charter
190,290.0,384.0,18.21645,2.105698,3.437242,17.84682,15.19337,9.219296,59.13467,3.774601,25.86148,38.25666,0.0,100.0,674,0.43026706231454004,low,no_charter
191,177.0,479.0,54.84387,1.897597,23.57961,45.82304,21.23894,10.90779,58.44744,3.799078,25.54149,31.80212,0.0,0.0,656,0.2698170731707317,high,no_charter
192,1239.0,1578.0,36.94477,15.21258,19.09346,16.26987,17.40431,12.27789,58.33163,3.762583,23.11697,29.58015,0.0,33.33333,2817,0.4398296059637913,middle,no_charter
193,555.0,402.0,26.11432,5.308799,9.912578,8.671743,9.722222,14.26319,51.10465,3.845847,22.19777,27.70919,4.347826,30.43478,957,0.5799373040752351,low,has_charter
194,154.0,195.0,33.11538,1.770956,1.180638,35.72609,9.166667,11.77256,51.7422,4.581189,22.21333,23.98374,0.0,0.0,349,0.44126074498567336,middle,no_charter
195,82.0,92.0,35.97884,1.407285,1.034768,36.92053,11.90476,14.73511,51.08037,4.420624,20.18018,45.3125,0.0,0.0,174,0.47126436781609193,middle,no_charter
196,1325.0,2073.0,59.40643,23.87054,21.95251,23.50613,27.45747,14.0033,61.99703,4.125407,24.82678,38.74261,1.298701,10.38961,3398,0.3899352560329606,high,has_charter
197,1787.0,1523.0,28.84975,4.59477,5.959822,8.972135,7.187223,12.61622,58.87275,4.33566,21.75074,39.28442,1.219512,6.097561,3310,0.5398791540785498,low,has_charter
198,266.0,125.0,29.30606,7.97491,13.87097,10.28674,10.69959,13.23241,55.94413,3.811049,22.28951,78.96825,0.0,42.85714,391,0.680306905370844,low,no_charter
199,136.0,276.0,37.95538,6.22615,29.74493,26.23017,12.23404,10.66611,57.67268,3.312515,22.42841,0.0,14.28571,14.28571,412,0.3300970873786408,middle,has_charter
200,58.0,56.0,35.75375,2.109375,0.625,40.46875,16.66667,11.91818,61.91985,4.272916,22.22222,0.0,0.0,0.0,114,0.5087719298245614,middle,no_charter
201,149.0,318.0,50.62411,1.101449,11.78261,38.13043,19.2691,14.40147,57.10062,4.203244,22.98675,12.98701,0.0,0.0,467,0.31905781584582443,high,no_charter
202,143.0,137.0,40.70337,0.449312,0.954788,11.42937,3.521127,13.88148,57.82488,3.838359,25.36429,35.42857,0.0,100.0,280,0.5107142857142857,middle,no_charter
203,1002.0,1130.0,25.95567,6.023256,5.232558,38.20266,18.69852,15.21277,62.27005,3.664259,24.16969,29.01554,0.0,10.0,2132,0.4699812382739212,low,no_charter
204,352.0,952.0,44.45212,2.019903,9.084639,63.68608,19.09425,11.89511,59.62526,3.811724,24.03023,34.44593,0.0,48.0,1304,0.26993865030674846,middle,no_charter
205,407.0,1852.0,39.99806,1.101044,11.80547,65.77463,19.71081,12.96852,60.46872,3.939782,24.37131,18.2534,0.0,56.25,2259,0.18016821602478972,middle,no_charter
206,280.0,387.0,46.74229,1.503836,8.194373,13.34015,4.504505,13.40194,62.28607,4.128065,22.62928,13.5,5.882353,0.0,667,0.4197901049475262,middle,has_charter
207,45.0,58.0,54.40152,1.161946,3.776325,17.28395,2.941176,16.79467,61.23499,4.903238,21.27721,40.35088,0.0,10.0,103,0.4368932038834951,high,no_charter
208,580.0,681.0,34.60404,8.123958,7.962554,30.9894,15.03356,14.84909,60.47727,3.763685,24.72111,24.77432,0.0,50.0,1261,0.4599524187153053,middle,no_charter
209,368.0,1382.0,57.88502,2.875776,27.39844,51.59111,24.49393,12.17399,59.09631,3.838001,25.16211,13.23944,0.0,70.83333,1750,0.2102857142857143,high,no_charter
210,229.0,259.0,24.70073,0.979605,1.268669,13.05605,10.27668,15.79196,62.20187,3.995416,24.43908,31.28655,0.0,0.0,488,0.4692622950819672,low,no_charter
211,739.0,2341.0,70.23575,3.366044,19.61802,50.84942,25.21964,11.67938,61.67289,4.147682,23.98684,22.39521,0.0,42.62295,3080,0.23993506493506495,high,no_charter
212,354.0,657.0,44.91996,1.618203,16.41763,36.17087,15.53398,10.97167,61.49285,4.057497,26.51144,13.97059,15.0,20.0,1011,0.35014836795252224,middle,has_charter
213,244.0,382.0,27.57103,0.762642,0.774375,19.66444,6.060606,11.88049,63.43272,3.78439,25.07162,25.0,0.0,70.0,626,0.38977635782747605,low,no_charter
214,74.0,106.0,46.96416,2.107896,18.18507,12.04001,7.913669,11.09907,60.61841,5.342537,20.25289,18.34862,0.0,0.0,180,0.4111111111111111,middle,no_charter
215,241.0,241.0,20.98413,0.826189,2.088854,16.67966,4.054054,8.420029,53.7642,3.82318,22.52066,10.24845,9.090909,0.0,482,0.5,low,has_charter
216,328.0,729.0,47.6781,0.955685,5.308634,31.19068,11.89711,12.19179,62.2201,3.865725,24.81302,13.34405,0.0,61.11111,1057,0.31031220435193946,middle,no_charter
217,17.0,64.0,62.31156,1.224847,2.274716,17.93526,5.263158,10.46923,59.11449,4.587305,20.48736,26.08696,0.0,0.0,81,0.20987654320987653,high,no_charter
218,473.0,437.0,30.64712,7.226302,11.49032,28.47964,11.45631,13.98121,59.65977,3.922567,23.51056,35.31353,6.666667,6.666667,910,0.5197802197802198,low,has_charter
219,352.0,528.0,43.73161,1.65699,17.27445,20.43186,5.168986,13.207,62.10635,3.058089,24.52082,35.83916,13.33333,86.66667,880,0.4,middle,has_charter
220,152.0,48.0,12.89092,1.749271,2.587464,10.49563,8.661417,15.07955,59.96379,4.346546,22.36994,58.82353,0.0,0.0,200,0.76,low,no_charter
221,757.0,853.0,43.17715,2.752435,1.797588,43.81089,8.999082,14.07094,58.3989,3.882451,23.4224,29.01186,4.0,44.0,1610,0.47018633540372673,middle,has_charter
222,285.0,253.0,49.18965,0.89877,4.328288,36.21097,10.14085,16.56101,66.96672,4.540894,24.11054,22.46094,0.0,0.0,538,0.5297397769516728,middle,no_charter
223,40.0,14.0,7.723036,0.138122,0.690608,9.254144,5.0,15.96932,62.78997,5.092907,19.09561,32.07547,0.0,0.0,54,0.7407407407407407,low,no_charter
224,47.0,96.0,48.69423,0.163221,1.468988,25.29924,4.301075,12.16262,52.0844,4.470921,20.17877,40.86957,0.0,0.0,143,0.32867132867132864,middle,no_charter
225,1785.0,564.0,10.58816,8.755863,2.760139,7.792208,11.01512,14.19155,58.19862,3.718169,22.87571,46.68874,0.0,0.0,2349,0.7598978288633461,low,no_charter
226,280.0,229.0,35.02365,0.704225,0.876689,19.61771,7.491857,13.51452,57.16813,3.97603,23.11592,39.73684,0.0,0.0,509,0.550098231827112,middle,no_charter
227,3392.0,5087.0,64.15235,9.492747,16.92434,35.27733,25.08497,12.29597,62.7827,4.952585,22.19313,31.24032,4.166667,28.57143,8479,0.40004717537445456,high,has_charter
228,683.0,1024.0,40.05977,2.53262,6.127555,37.38501,11.09091,12.81245,65.16445,4.103446,23.64449,34.33243,3.703704,81.48148,1707,0.4001171646162859,middle,has_charter
229,357.0,238.0,26.92308,2.594662,1.76288,26.13284,13.33333,15.28393,62.99711,4.26182,24.32617,43.44473,0.0,0.0,595,0.6,low,no_charter
230,435.0,882.0,54.9774,1.804259,14.86001,41.5219,16.01344,13.17371,57.81114,3.832582,23.35025,44.7178,0.0,0.0,1317,0.33029612756264237,high,no_charter
231,330.0,419.0,49.26504,2.389785,2.553705,44.13769,11.06472,13.66803,60.65716,4.097092,24.63998,29.65517,0.0,83.33333,749,0.44058744993324434,middle,no_charter
232,1925.0,1708.0,64.55428,41.36902,16.19322,21.20412,43.73746,15.28547,52.88551,5.230051,17.93118,48.83066,2.654867,1.769912,3633,0.5298651252408478,high,has_charter
233,114.0,86.0,36.41286,0.919842,0.328515,26.64258,5.673759,14.19245,53.51044,3.846512,23.32055,26.41509,0.0,0.0,200,0.57,middle,no_charter
234,279.0,355.0,44.12983,19.62769,10.69226,17.62653,14.7343,13.20137,53.97081,4.022264,21.56064,29.83539,0.0,0.0,634,0.4400630914826498,middle,no_charter
235,60.0,133.0,40.58286,1.936027,0.3367,34.21717,7.207207,16.1252,52.19886,3.727909,22.02652,39.28571,0.0,0.0,193,0.31088082901554404,middle,no_charter
236,638.0,1294.0,48.76863,19.79547,5.832491,23.64881,11.27119,15.0836,59.46523,4.469021,22.00292,30.33708,0.0,62.85714,1932,0.3302277432712215,middle,no_charter
237,591.0,616.0,35.13317,2.449629,4.936003,29.09547,11.32638,13.80978,56.91066,3.589197,24.38578,36.2426,0.0,0.0,1207,0.4896437448218724,middle,no_charter
238,130.0,43.0,13.77399,0.730816,0.487211,21.84328,2.564103,14.55039,51.683,3.78643,20.5988,29.72973,0.0,0.0,173,0.7514450867052023,low,no_charter
239,558.0,1765.0,68.72708,20.87249,13.3483,42.18544,33.74755,12.67768,66.65475,4.527226,22.94049,18.20926,0.0,21.95122,2323,0.24020662935858803,high,no_charter
240,397.0,352.0,26.57033,4.436534,5.981941,26.72339,14.19624,10.5935,55.6319,3.616366,23.9626,26.28676,0.0,0.0,749,0.5300400534045394,low,no_charter
241,293.0,144.0,18.07366,1.065779,1.648626,9.342215,3.284672,14.97258,60.46424,4.506425,23.30425,45.45455,0.0,0.0,437,0.6704805491990846,low,no_charter
242,465.0,262.0,38.07467,1.538031,1.165175,30.20134,8.932039,13.48316,55.68426,3.887088,21.21927,25.90361,0.0,0.0,727,0.6396148555708391,middle,no_charter
243,453.0,223.0,22.46579,2.346382,2.090835,12.61471,5.326877,16.19522,64.39768,4.933223,21.43327,25.63559,5.263158,0.0,676,0.6701183431952663,low,has_charter
244,96.0,78.0,17.99781,0.617829,1.41218,9.223301,4.587156,11.0873,50.37247,3.667019,19.39394,35.95506,0.0,0.0,174,0.5517241379310345,low,no_charter
245,224.0,199.0,36.82691,1.330486,3.876478,27.18463,5.802048,14.22784,59.65303,4.756442,22.28147,39.81481,0.0,0.0,423,0.5295508274231678,middle,no_charter
246,34.0,32.0,27.08779,1.005025,0.301508,21.60804,9.23077,12.86419,46.34738,4.792461,17.37132,41.33333,0.0,0.0,66,0.5151515151515151,low,no_charter
247,179.0,152.0,19.30207,2.108511,0.539985,25.09643,8.290155,13.3229,51.76827,4.138211,21.00933,48.80952,0.0,0.0,331,0.540785498489426,low,no_charter
248,303.0,402.0,31.91489,8.753316,4.823657,34.79713,11.89931,17.10861,57.48922,3.823838,23.5232,38.95447,0.0,0.0,705,0.4297872340425532,low,no_charter
249,108.0,127.0,39.27727,1.385309,0.966495,54.38144,21.32353,14.49774,60.26291,4.158069,22.21329,33.33333,0.0,0.0,235,0.4595744680851064,middle,no_charter
250,302.0,452.0,35.70633,4.651992,8.920774,32.86695,9.057301,17.08317,53.11772,4.325819,21.67377,42.91498,0.0,13.33333,754,0.4005305039787798,middle,no_charter
251,171.0,419.0,44.54203,2.308979,1.528165,62.94479,22.37197,15.48966,62.89081,4.31273,24.50787,20.19002,0.0,15.38462,590,0.28983050847457625,middle,no_charter
252,400.0,315.0,23.6491,5.235658,2.399232,33.46129,11.25,17.79609,60.28385,4.361515,23.73711,37.80488,0.0,0.0,715,0.5594405594405595,low,no_charter
253,538.0,67.0,7.894435,17.389,4.916817,6.887782,13.52834,14.11575,66.18201,5.970823,18.74769,73.37526,0.0,0.0,605,0.8892561983471075,low,no_charter
254,975.0,1241.0,42.80784,12.24502,3.270391,49.41048,22.36951,16.57729,80.56504,5.0384,28.21085,38.10758,0.0,0.0,2216,0.43998194945848373,middle,no_charter
255,463.0,445.0,40.20545,18.39412,4.340957,25.20091,11.52,15.60997,65.46892,4.317319,23.7628,29.55112,0.0,0.0,908,0.5099118942731278,middle,no_charter
256,399.0,314.0,28.89357,31.45988,5.952142,18.42952,20.22727,14.80637,60.77492,4.090016,22.11977,26.72065,0.0,0.0,713,0.5596072931276297,low,no_charter
257,393.0,876.0,56.34867,1.201376,0.587457,72.01376,19.71665,14.11421,59.92213,4.282146,22.5353,26.64756,4.0,20.0,1269,0.30969267139479906,high,has_charter
258,204.0,141.0,14.5064,1.659053,1.226256,4.087521,3.333333,17.28916,58.61628,4.262088,24.33353,60.58091,14.28571,0.0,345,0.591304347826087,low,has_charter
259,59.0,86.0,39.60894,0.747126,0.287356,8.908046,4.301075,16.4912,56.13194,4.741874,18.73638,28.82883,0.0,0.0,145,0.4068965517241379,middle,no_charter
260,131.0,204.0,49.37712,0.840532,1.074014,4.809713,4.090909,14.58583,55.39661,4.509515,20.73813,34.48276,0.0,0.0,335,0.39104477611940297,high,no_charter
261,80.0,41.0,32.10162,1.633166,0.628141,8.354271,1.960784,14.40364,54.12202,2.908312,16.88889,43.24324,9.090909,0.0,121,0.6611570247933884,low,has_charter
262,326.0,109.0,11.44366,4.562111,7.805057,10.15024,10.1626,15.17562,61.41934,4.303057,22.27944,40.4908,0.0,0.0,435,0.7494252873563219,low,no_charter
263,100.0,139.0,40.81942,1.31692,1.774979,39.96565,12.64368,15.51333,57.07422,4.262563,20.0237,39.6648,0.0,16.66667,239,0.41841004184100417,middle,no_charter
264,688.0,808.0,28.11086,6.548673,21.01071,18.01584,13.24153,15.96551,59.26899,3.955489,22.88891,26.11607,0.0,34.61538,1496,0.45989304812834225,low,no_charter
265,155.0,168.0,22.71245,2.529475,15.34834,10.39657,18.22034,15.12085,62.3536,4.900856,20.22874,66.31016,0.0,0.0,323,0.47987616099071206,low,no_charter
266,515.0,537.0,23.01924,2.829361,8.373287,16.74657,9.129815,14.62274,53.90188,4.110539,22.38147,40.26144,5.263158,10.52632,1052,0.48954372623574144,low,has_charter
267,450.0,874.0,35.46088,3.839582,35.21459,15.5493,23.87677,16.68085,68.3388,4.364927,25.6708,20.02275,0.0,56.0,1324,0.33987915407854985,middle,no_charter
268,55.0,65.0,39.70868,0.429448,0.674847,25.09202,6.329114,15.62941,56.85404,3.94201,20.42161,43.83562,0.0,0.0,120,0.4583333333333333,middle,no_charter
269,224.0,162.0,30.76032,1.92344,0.716576,22.40241,6.153846,15.85861,54.12234,4.170568,21.14767,23.37165,11.11111,11.11111,386,0.5803108808290155,low,has_charter
270,320.0,296.0,19.67584,3.863969,3.644564,12.84739,5.99455,15.71779,59.48468,4.081602,22.29298,14.45087,0.0,0.0,616,0.5194805194805194,low,no_charter
271,108.0,126.0,33.55805,1.379099,0.858106,26.50935,17.56757,11.02364,50.73147,3.834786,21.02305,0.0,0.0,0.0,234,0.46153846153846156,middle,no_charter
272,151.0,81.0,21.46387,0.878378,0.439189,34.05405,14.28571,16.46453,56.83735,4.968968,20.91327,46.48438,0.0,0.0,232,0.6508620689655172,low,no_charter
273,193.0,495.0,51.20522,4.550344,3.431583,39.2642,10.04902,13.27732,56.23431,3.767504,23.17001,12.96703,0.0,41.66667,688,0.2805232558139535,high,no_charter
274,55.0,65.0,42.13075,0.783085,0.234926,25.92013,1.724138,13.38175,49.55074,3.282389,21.30662,29.87013,0.0,0.0,120,0.4583333333333333,middle,no_charter
275,72.0,152.0,55.00726,0.673968,1.235608,64.5886,18.12081,13.32733,55.53515,4.008414,24.00409,13.0719,0.0,0.0,224,0.32142857142857145,high,no_charter
276,359.0,374.0,42.6007,4.702023,1.366867,32.55878,9.221311,14.96416,59.64521,3.932407,24.17863,21.40625,0.0,50.0,733,0.4897680763983629,middle,no_charter
277,31.0,89.0,53.90428,1.221374,1.475827,53.43511,14.73684,12.70857,51.29737,4.109917,21.68662,28.86598,0.0,16.66667,120,0.25833333333333336,high,no_charter
278,39.0,96.0,72.2977,12.32356,0.597177,45.33116,6.521739,12.38267,52.19434,4.350793,21.44379,17.72152,0.0,0.0,135,0.28888888888888886,high,no_charter
279,303.0,473.0,49.25642,13.28312,2.939555,25.5282,14.10788,15.09745,57.77756,4.165932,23.06171,24.24242,0.0,25.0,776,0.3904639175257732,middle,no_charter
280,79.0,128.0,49.15907,0.876271,1.892744,29.75815,3.597122,13.2434,55.37246,3.941387,20.91108,36.42384,0.0,0.0,207,0.38164251207729466,middle,no_charter
281,19.0,22.0,51.2931,0.142248,0.56899,32.29018,2.564103,15.81222,53.21662,5.045576,19.64384,34.21053,0.0,0.0,41,0.4634146341463415,high,no_charter
282,23.0,20.0,60.14599,0.480769,0.0,5.128205,5.555556,16.13205,63.50783,6.48247,17.90831,42.42424,0.0,0.0,43,0.5348837209302325,high,no_charter
283,91.0,168.0,84.09904,0.562852,0.241222,90.72635,18.78788,14.21739,58.39111,3.95291,22.75184,8.370044,0.0,0.0,259,0.35135135135135137,high,no_charter
284,96.0,246.0,74.57442,0.895583,0.24425,80.46,15.98174,12.97066,53.3049,3.688748,22.96475,16.46586,0.0,0.0,342,0.2807017543859649,high,no_charter
285,40.0,210.0,76.58037,1.72117,0.057372,83.76363,23.68421,13.28494,58.36271,4.115279,22.61873,27.42857,0.0,0.0,250,0.16,high,no_charter
286,578.0,1172.0,44.83328,7.621228,1.954371,43.13517,12.71111,14.47325,58.32298,4.057255,22.31273,35.91731,3.125,28.125,1750,0.3302857142857143,middle,has_charter
287,26.0,124.0,72.66314,1.192504,0.298126,79.25894,13.15789,14.81406,58.00131,4.081734,21.10603,36.13445,0.0,0.0,150,0.17333333333333334,high,no_charter
288,23.0,111.0,92.3345,0.933553,0.10983,83.0313,17.10526,14.40238,61.35021,3.792456,22.91892,0.0,0.0,100.0,134,0.17164179104477612,high,no_charter
289,31.0,22.0,36.71642,0.42796,0.85592,4.707561,4.651163,13.26809,48.16047,4.666561,18.42667,70.27027,0.0,0.0,53,0.5849056603773585,middle,no_charter
290,59.0,207.0,51.80654,0.547196,0.437757,76.90834,15.52795,15.02404,56.92598,3.897079,23.48475,30.60109,0.0,16.66667,266,0.22180451127819548,high,no_charter
291,204.0,100.0,23.2817,1.366251,0.862896,18.64813,8.152174,14.22136,56.80801,3.825936,22.87717,35.54688,0.0,0.0,304,0.6710526315789473,low,no_charter
292,736.0,602.0,15.68154,5.522166,1.674629,17.43977,6.917476,15.00022,57.20355,3.831574,23.20986,37.68719,0.0,0.0,1338,0.5500747384155455,low,no_charter
293,526.0,644.0,38.15821,2.905512,2.354871,33.44268,9.943978,15.35255,56.41361,3.69907,24.85112,34.36341,0.0,22.22222,1170,0.4495726495726496,middle,no_charter
294,1088.0,343.0,12.32702,5.661354,1.4852,14.53115,5.405405,15.73222,62.75024,4.265133,23.81032,41.16638,0.0,0.0,1431,0.7603074772886094,low,no_charter
295,186.0,62.0,1.247051,6.066291,1.000625,2.345216,4.72973,12.22485,55.20884,4.079327,20.98849,74.3421,0.0,0.0,248,0.75,low,no_charter
296,284.0,232.0,23.45529,3.861647,1.819697,29.78191,10.36585,10.28723,54.40298,4.155084,21.65256,21.14094,0.0,0.0,516,0.5503875968992248,low,no_charter
297,455.0,136.0,17.89883,10.49096,3.372093,12.70026,14.92891,14.43766,49.78331,4.254717,20.06286,46.42032,0.0,0.0,591,0.7698815566835872,low,no_charter
298,17.0,42.0,49.23581,0.77951,1.670379,43.76392,4.166667,11.36091,50.43317,5.039203,19.54545,27.08333,0.0,0.0,59,0.288135593220339,middle,no_charter
299,96.0,246.0,62.23968,13.82086,3.956157,32.12879,15.88448,13.27089,52.88133,4.324174,20.98711,8.0,0.0,18.18182,342,0.2807017543859649,high,no_charter
300,37.0,117.0,46.16188,1.150575,0.8004,45.62281,13.33333,11.80714,48.42615,3.945069,19.8583,53.77358,0.0,0.0,154,0.24025974025974026,middle,no_charter
301,208.0,387.0,43.41431,3.648564,1.541204,46.31998,21.37767,14.40468,53.79616,3.845481,22.70884,29.89247,0.0,6.666667,595,0.3495798319327731,middle,no_charter
302,199.0,510.0,70.62104,20.46172,2.989345,17.42305,11.03286,16.5642,61.70566,3.970984,24.88647,15.14286,0.0,13.63636,709,0.28067700987306066,high,no_charter
303,72.0,84.0,77.74827,5.998899,9.576225,11.11723,7.874016,16.91871,65.09957,6.913397,20.03252,23.52941,0.0,0.0,156,0.46153846153846156,high,no_charter