sira,ind1,ind2,ind3,ind4,ind5
1,1,1,1,1,1
2,1,1,1,1,2
3,1,1,1,1,3
4,1,1,1,1,4
5,1,1,1,1,5
6,1,1,1,2,1
7,1,1,1,2,2
8,1,1,1,2,3
9,1,1,1,2,4
10,1,1,1,2,5
11,1,1,1,3,1
12,1,1,1,3,2
13,1,1,1,3,3
14,1,1,1,3,4
15,1,1,1,3,5
16,1,1,1,4,1
17,1,1,1,4,2
18,1,1,1,4,3
19,1,1,1,4,4
20,1,1,1,4,5
21,1,1,1,5,1
22,1,1,1,5,2
23,1,1,1,5,3
24,1,1,1,5,4
25,1,1,1,5,5
26,1,1,2,1,1
27,1,1,2,1,2
28,1,1,2,1,3
29,1,1,2,1,4
30,1,1,2,1,5
31,1,1,2,2,1
32,1,1,2,2,2
33,1,1,2,2,3
34,1,1,2,2,4
35,1,1,2,2,5
36,1,1,2,3,1
37,1,1,2,3,2
38,1,1,2,3,3
39,1,1,2,3,4
40,1,1,2,3,5
41,1,1,2,4,1
42,1,1,2,4,2
43,1,1,2,4,3
44,1,1,2,4,4
45,1,1,2,4,5
46,1,1,2,5,1
47,1,1,2,5,2
48,1,1,2,5,3
49,1,1,2,5,4
50,1,1,2,5,5
51,1,1,3,1,1
52,1,1,3,1,2
53,1,1,3,1,3
54,1,1,3,1,4
55,1,1,3,1,5
56,1,1,3,2,1
57,1,1,3,2,2
58,1,1,3,2,3
59,1,1,3,2,4
60,1,1,3,2,5
61,1,1,3,3,1
62,1,1,3,3,2
63,1,1,3,3,3
64,1,1,3,3,4
65,1,1,3,3,5
66,1,1,3,4,1
67,1,1,3,4,2
68,1,1,3,4,3
69,1,1,3,4,4
70,1,1,3,4,5
71,1,1,3,5,1
72,1,1,3,5,2
73,1,1,3,5,3
74,1,1,3,5,4
75,1,1,3,5,5
76,1,1,4,1,1
77,1,1,4,1,2
78,1,1,4,1,3
79,1,1,4,1,4
80,1,1,4,1,5
81,1,1,4,2,1
82,1,1,4,2,2
83,1,1,4,2,3
84,1,1,4,2,4
85,1,1,4,2,5
86,1,1,4,3,1
87,1,1,4,3,2
88,1,1,4,3,3
89,1,1,4,3,4
90,1,1,4,3,5
91,1,1,4,4,1
92,1,1,4,4,2
93,1,1,4,4,3
94,1,1,4,4,4
95,1,1,4,4,5
96,1,1,4,5,1
97,1,1,4,5,2
98,1,1,4,5,3
99,1,1,4,5,4
100,1,1,4,5,5
101,1,1,5,1,1
102,1,1,5,1,2
103,1,1,5,1,3
104,1,1,5,1,4
105,1,1,5,1,5
106,1,1,5,2,1
107,1,1,5,2,2
108,1,1,5,2,3
109,1,1,5,2,4
110,1,1,5,2,5
111,1,1,5,3,1
112,1,1,5,3,2
113,1,1,5,3,3
114,1,1,5,3,4
115,1,1,5,3,5
116,1,1,5,4,1
117,1,1,5,4,2
118,1,1,5,4,3
119,1,1,5,4,4
120,1,1,5,4,5
121,1,1,5,5,1
122,1,1,5,5,2
123,1,1,5,5,3
124,1,1,5,5,4
125,1,1,5,5,5
126,1,2,1,1,1
127,1,2,1,1,2
128,1,2,1,1,3
129,1,2,1,1,4
130,1,2,1,1,5
131,1,2,1,2,1
132,1,2,1,2,2
133,1,2,1,2,3
134,1,2,1,2,4
135,1,2,1,2,5
136,1,2,1,3,1
137,1,2,1,3,2
138,1,2,1,3,3
139,1,2,1,3,4
140,1,2,1,3,5
141,1,2,1,4,1
142,1,2,1,4,2
143,1,2,1,4,3
144,1,2,1,4,4
145,1,2,1,4,5
146,1,2,1,5,1
147,1,2,1,5,2
148,1,2,1,5,3
149,1,2,1,5,4
150,1,2,1,5,5
151,1,2,2,1,1
152,1,2,2,1,2
153,1,2,2,1,3
154,1,2,2,1,4
155,1,2,2,1,5
156,1,2,2,2,1
157,1,2,2,2,2
158,1,2,2,2,3
159,1,2,2,2,4
160,1,2,2,2,5
161,1,2,2,3,1
162,1,2,2,3,2
163,1,2,2,3,3
164,1,2,2,3,4
165,1,2,2,3,5
166,1,2,2,4,1
167,1,2,2,4,2
168,1,2,2,4,3
169,1,2,2,4,4
170,1,2,2,4,5
171,1,2,2,5,1
172,1,2,2,5,2
173,1,2,2,5,3
174,1,2,2,5,4
175,1,2,2,5,5
176,1,2,3,1,1
177,1,2,3,1,2
178,1,2,3,1,3
179,1,2,3,1,4
180,1,2,3,1,5
181,1,2,3,2,1
182,1,2,3,2,2
183,1,2,3,2,3
184,1,2,3,2,4
185,1,2,3,2,5
186,1,2,3,3,1
187,1,2,3,3,2
188,1,2,3,3,3
189,1,2,3,3,4
190,1,2,3,3,5
191,1,2,3,4,1
192,1,2,3,4,2
193,1,2,3,4,3
194,1,2,3,4,4
195,1,2,3,4,5
196,1,2,3,5,1
197,1,2,3,5,2
198,1,2,3,5,3
199,1,2,3,5,4
200,1,2,3,5,5
201,1,2,4,1,1
202,1,2,4,1,2
203,1,2,4,1,3
204,1,2,4,1,4
205,1,2,4,1,5
206,1,2,4,2,1
207,1,2,4,2,2
208,1,2,4,2,3
209,1,2,4,2,4
210,1,2,4,2,5
211,1,2,4,3,1
212,1,2,4,3,2
213,1,2,4,3,3
214,1,2,4,3,4
215,1,2,4,3,5
216,1,2,4,4,1
217,1,2,4,4,2
218,1,2,4,4,3
219,1,2,4,4,4
220,1,2,4,4,5
221,1,2,4,5,1
222,1,2,4,5,2
223,1,2,4,5,3
224,1,2,4,5,4
225,1,2,4,5,5
226,1,2,5,1,1
227,1,2,5,1,2
228,1,2,5,1,3
229,1,2,5,1,4
230,1,2,5,1,5
231,1,2,5,2,1
232,1,2,5,2,2
233,1,2,5,2,3
234,1,2,5,2,4
235,1,2,5,2,5
236,1,2,5,3,1
237,1,2,5,3,2
238,1,2,5,3,3
239,1,2,5,3,4
240,1,2,5,3,5
241,1,2,5,4,1
242,1,2,5,4,2
243,1,2,5,4,3
244,1,2,5,4,4
245,1,2,5,4,5
246,1,2,5,5,1
247,1,2,5,5,2
248,1,2,5,5,3
249,1,2,5,5,4
250,1,2,5,5,5
251,1,3,1,1,1
252,1,3,1,1,2
253,1,3,1,1,3
254,1,3,1,1,4
255,1,3,1,1,5
256,1,3,1,2,1
257,1,3,1,2,2
258,1,3,1,2,3
259,1,3,1,2,4
260,1,3,1,2,5
261,1,3,1,3,1
262,1,3,1,3,2
263,1,3,1,3,3
264,1,3,1,3,4
265,1,3,1,3,5
266,1,3,1,4,1
267,1,3,1,4,2
268,1,3,1,4,3
269,1,3,1,4,4
270,1,3,1,4,5
271,1,3,1,5,1
272,1,3,1,5,2
273,1,3,1,5,3
274,1,3,1,5,4
275,1,3,1,5,5
276,1,3,2,1,1
277,1,3,2,1,2
278,1,3,2,1,3
279,1,3,2,1,4
280,1,3,2,1,5
281,1,3,2,2,1
282,1,3,2,2,2
283,1,3,2,2,3
284,1,3,2,2,4
285,1,3,2,2,5
286,1,3,2,3,1
287,1,3,2,3,2
288,1,3,2,3,3
289,1,3,2,3,4
290,1,3,2,3,5
291,1,3,2,4,1
292,1,3,2,4,2
293,1,3,2,4,3
294,1,3,2,4,4
295,1,3,2,4,5
296,1,3,2,5,1
297,1,3,2,5,2
298,1,3,2,5,3
299,1,3,2,5,4
300,1,3,2,5,5
301,1,3,3,1,1
302,1,3,3,1,2
303,1,3,3,1,3
304,1,3,3,1,4
305,1,3,3,1,5
306,1,3,3,2,1
307,1,3,3,2,2
308,1,3,3,2,3
309,1,3,3,2,4
310,1,3,3,2,5
311,1,3,3,3,1
312,1,3,3,3,2
313,1,3,3,3,3
314,1,3,3,3,4
315,1,3,3,3,5
316,1,3,3,4,1
317,1,3,3,4,2
318,1,3,3,4,3
319,1,3,3,4,4
320,1,3,3,4,5
321,1,3,3,5,1
322,1,3,3,5,2
323,1,3,3,5,3
324,1,3,3,5,4
325,1,3,3,5,5
326,1,3,4,1,1
327,1,3,4,1,2
328,1,3,4,1,3
329,1,3,4,1,4
330,1,3,4,1,5
331,1,3,4,2,1
332,1,3,4,2,2
333,1,3,4,2,3
334,1,3,4,2,4
335,1,3,4,2,5
336,1,3,4,3,1
337,1,3,4,3,2
338,1,3,4,3,3
339,1,3,4,3,4
340,1,3,4,3,5
341,1,3,4,4,1
342,1,3,4,4,2
343,1,3,4,4,3
344,1,3,4,4,4
345,1,3,4,4,5
346,1,3,4,5,1
347,1,3,4,5,2
348,1,3,4,5,3
349,1,3,4,5,4
350,1,3,4,5,5
351,1,3,5,1,1
352,1,3,5,1,2
353,1,3,5,1,3
354,1,3,5,1,4
355,1,3,5,1,5
356,1,3,5,2,1
357,1,3,5,2,2
358,1,3,5,2,3
359,1,3,5,2,4
360,1,3,5,2,5
361,1,3,5,3,1
362,1,3,5,3,2
363,1,3,5,3,3
364,1,3,5,3,4
365,1,3,5,3,5
366,1,3,5,4,1
367,1,3,5,4,2
368,1,3,5,4,3
369,1,3,5,4,4
370,1,3,5,4,5
371,1,3,5,5,1
372,1,3,5,5,2
373,1,3,5,5,3
374,1,3,5,5,4
375,1,3,5,5,5
376,1,4,1,1,1
377,1,4,1,1,2
378,1,4,1,1,3
379,1,4,1,1,4
380,1,4,1,1,5
381,1,4,1,2,1
382,1,4,1,2,2
383,1,4,1,2,3
384,1,4,1,2,4
385,1,4,1,2,5
386,1,4,1,3,1
387,1,4,1,3,2
388,1,4,1,3,3
389,1,4,1,3,4
390,1,4,1,3,5
391,1,4,1,4,1
392,1,4,1,4,2
393,1,4,1,4,3
394,1,4,1,4,4
395,1,4,1,4,5
396,1,4,1,5,1
397,1,4,1,5,2
398,1,4,1,5,3
399,1,4,1,5,4
400,1,4,1,5,5
401,1,4,2,1,1
402,1,4,2,1,2
403,1,4,2,1,3
404,1,4,2,1,4
405,1,4,2,1,5
406,1,4,2,2,1
407,1,4,2,2,2
408,1,4,2,2,3
409,1,4,2,2,4
410,1,4,2,2,5
411,1,4,2,3,1
412,1,4,2,3,2
413,1,4,2,3,3
414,1,4,2,3,4
415,1,4,2,3,5
416,1,4,2,4,1
417,1,4,2,4,2
418,1,4,2,4,3
419,1,4,2,4,4
420,1,4,2,4,5
421,1,4,2,5,1
422,1,4,2,5,2
423,1,4,2,5,3
424,1,4,2,5,4
425,1,4,2,5,5
426,1,4,3,1,1
427,1,4,3,1,2
428,1,4,3,1,3
429,1,4,3,1,4
430,1,4,3,1,5
431,1,4,3,2,1
432,1,4,3,2,2
433,1,4,3,2,3
434,1,4,3,2,4
435,1,4,3,2,5
436,1,4,3,3,1
437,1,4,3,3,2
438,1,4,3,3,3
439,1,4,3,3,4
440,1,4,3,3,5
441,1,4,3,4,1
442,1,4,3,4,2
443,1,4,3,4,3
444,1,4,3,4,4
445,1,4,3,4,5
446,1,4,3,5,1
447,1,4,3,5,2
448,1,4,3,5,3
449,1,4,3,5,4
450,1,4,3,5,5
451,1,4,4,1,1
452,1,4,4,1,2
453,1,4,4,1,3
454,1,4,4,1,4
455,1,4,4,1,5
456,1,4,4,2,1
457,1,4,4,2,2
458,1,4,4,2,3
459,1,4,4,2,4
460,1,4,4,2,5
461,1,4,4,3,1
462,1,4,4,3,2
463,1,4,4,3,3
464,1,4,4,3,4
465,1,4,4,3,5
466,1,4,4,4,1
467,1,4,4,4,2
468,1,4,4,4,3
469,1,4,4,4,4
470,1,4,4,4,5
471,1,4,4,5,1
472,1,4,4,5,2
473,1,4,4,5,3
474,1,4,4,5,4
475,1,4,4,5,5
476,1,4,5,1,1
477,1,4,5,1,2
478,1,4,5,1,3
479,1,4,5,1,4
480,1,4,5,1,5
481,1,4,5,2,1
482,1,4,5,2,2
483,1,4,5,2,3
484,1,4,5,2,4
485,1,4,5,2,5
486,1,4,5,3,1
487,1,4,5,3,2
488,1,4,5,3,3
489,1,4,5,3,4
490,1,4,5,3,5
491,1,4,5,4,1
492,1,4,5,4,2
493,1,4,5,4,3
494,1,4,5,4,4
495,1,4,5,4,5
496,1,4,5,5,1
497,1,4,5,5,2
498,1,4,5,5,3
499,1,4,5,5,4
500,1,4,5,5,5
501,1,5,1,1,1
502,1,5,1,1,2
503,1,5,1,1,3
504,1,5,1,1,4
505,1,5,1,1,5
506,1,5,1,2,1
507,1,5,1,2,2
508,1,5,1,2,3
509,1,5,1,2,4
510,1,5,1,2,5
511,1,5,1,3,1
512,1,5,1,3,2
513,1,5,1,3,3
514,1,5,1,3,4
515,1,5,1,3,5
516,1,5,1,4,1
517,1,5,1,4,2
518,1,5,1,4,3
519,1,5,1,4,4
520,1,5,1,4,5
521,1,5,1,5,1
522,1,5,1,5,2
523,1,5,1,5,3
524,1,5,1,5,4
525,1,5,1,5,5
526,1,5,2,1,1
527,1,5,2,1,2
528,1,5,2,1,3
529,1,5,2,1,4
530,1,5,2,1,5
531,1,5,2,2,1
532,1,5,2,2,2
533,1,5,2,2,3
534,1,5,2,2,4
535,1,5,2,2,5
536,1,5,2,3,1
537,1,5,2,3,2
538,1,5,2,3,3
539,1,5,2,3,4
540,1,5,2,3,5
541,1,5,2,4,1
542,1,5,2,4,2
543,1,5,2,4,3
544,1,5,2,4,4
545,1,5,2,4,5
546,1,5,2,5,1
547,1,5,2,5,2
548,1,5,2,5,3
549,1,5,2,5,4
550,1,5,2,5,5
551,1,5,3,1,1
552,1,5,3,1,2
553,1,5,3,1,3
554,1,5,3,1,4
555,1,5,3,1,5
556,1,5,3,2,1
557,1,5,3,2,2
558,1,5,3,2,3
559,1,5,3,2,4
560,1,5,3,2,5
561,1,5,3,3,1
562,1,5,3,3,2
563,1,5,3,3,3
564,1,5,3,3,4
565,1,5,3,3,5
566,1,5,3,4,1
567,1,5,3,4,2
568,1,5,3,4,3
569,1,5,3,4,4
570,1,5,3,4,5
571,1,5,3,5,1
572,1,5,3,5,2
573,1,5,3,5,3
574,1,5,3,5,4
575,1,5,3,5,5
576,1,5,4,1,1
577,1,5,4,1,2
578,1,5,4,1,3
579,1,5,4,1,4
580,1,5,4,1,5
581,1,5,4,2,1
582,1,5,4,2,2
583,1,5,4,2,3
584,1,5,4,2,4
585,1,5,4,2,5
586,1,5,4,3,1
587,1,5,4,3,2
588,1,5,4,3,3
589,1,5,4,3,4
590,1,5,4,3,5
591,1,5,4,4,1
592,1,5,4,4,2
593,1,5,4,4,3
594,1,5,4,4,4
595,1,5,4,4,5
596,1,5,4,5,1
597,1,5,4,5,2
598,1,5,4,5,3
599,1,5,4,5,4
600,1,5,4,5,5
601,1,5,5,1,1
602,1,5,5,1,2
603,1,5,5,1,3
604,1,5,5,1,4
605,1,5,5,1,5
606,1,5,5,2,1
607,1,5,5,2,2
608,1,5,5,2,3
609,1,5,5,2,4
610,1,5,5,2,5
611,1,5,5,3,1
612,1,5,5,3,2
613,1,5,5,3,3
614,1,5,5,3,4
615,1,5,5,3,5
616,1,5,5,4,1
617,1,5,5,4,2
618,1,5,5,4,3
619,1,5,5,4,4
620,1,5,5,4,5
621,1,5,5,5,1
622,1,5,5,5,2
623,1,5,5,5,3
624,1,5,5,5,4
625,1,5,5,5,5
626,2,1,1,1,1
627,2,1,1,1,2
628,2,1,1,1,3
629,2,1,1,1,4
630,2,1,1,1,5
631,2,1,1,2,1
632,2,1,1,2,2
633,2,1,1,2,3
634,2,1,1,2,4
635,2,1,1,2,5
636,2,1,1,3,1
637,2,1,1,3,2
638,2,1,1,3,3
639,2,1,1,3,4
640,2,1,1,3,5
641,2,1,1,4,1
642,2,1,1,4,2
643,2,1,1,4,3
644,2,1,1,4,4
645,2,1,1,4,5
646,2,1,1,5,1
647,2,1,1,5,2
648,2,1,1,5,3
649,2,1,1,5,4
650,2,1,1,5,5
651,2,1,2,1,1
652,2,1,2,1,2
653,2,1,2,1,3
654,2,1,2,1,4
655,2,1,2,1,5
656,2,1,2,2,1
657,2,1,2,2,2
658,2,1,2,2,3
659,2,1,2,2,4
660,2,1,2,2,5
661,2,1,2,3,1
662,2,1,2,3,2
663,2,1,2,3,3
664,2,1,2,3,4
665,2,1,2,3,5
666,2,1,2,4,1
667,2,1,2,4,2
668,2,1,2,4,3
669,2,1,2,4,4
670,2,1,2,4,5
671,2,1,2,5,1
672,2,1,2,5,2
673,2,1,2,5,3
674,2,1,2,5,4
675,2,1,2,5,5
676,2,1,3,1,1
677,2,1,3,1,2
678,2,1,3,1,3
679,2,1,3,1,4
680,2,1,3,1,5
681,2,1,3,2,1
682,2,1,3,2,2
683,2,1,3,2,3
684,2,1,3,2,4
685,2,1,3,2,5
686,2,1,3,3,1
687,2,1,3,3,2
688,2,1,3,3,3
689,2,1,3,3,4
690,2,1,3,3,5
691,2,1,3,4,1
692,2,1,3,4,2
693,2,1,3,4,3
694,2,1,3,4,4
695,2,1,3,4,5
696,2,1,3,5,1
697,2,1,3,5,2
698,2,1,3,5,3
699,2,1,3,5,4
700,2,1,3,5,5
701,2,1,4,1,1
702,2,1,4,1,2
703,2,1,4,1,3
704,2,1,4,1,4
705,2,1,4,1,5
706,2,1,4,2,1
707,2,1,4,2,2
708,2,1,4,2,3
709,2,1,4,2,4
710,2,1,4,2,5
711,2,1,4,3,1
712,2,1,4,3,2
713,2,1,4,3,3
714,2,1,4,3,4
715,2,1,4,3,5
716,2,1,4,4,1
717,2,1,4,4,2
718,2,1,4,4,3
719,2,1,4,4,4
720,2,1,4,4,5
721,2,1,4,5,1
722,2,1,4,5,2
723,2,1,4,5,3
724,2,1,4,5,4
725,2,1,4,5,5
726,2,1,5,1,1
727,2,1,5,1,2
728,2,1,5,1,3
729,2,1,5,1,4
730,2,1,5,1,5
731,2,1,5,2,1
732,2,1,5,2,2
733,2,1,5,2,3
734,2,1,5,2,4
735,2,1,5,2,5
736,2,1,5,3,1
737,2,1,5,3,2
738,2,1,5,3,3
739,2,1,5,3,4
740,2,1,5,3,5
741,2,1,5,4,1
742,2,1,5,4,2
743,2,1,5,4,3
744,2,1,5,4,4
745,2,1,5,4,5
746,2,1,5,5,1
747,2,1,5,5,2
748,2,1,5,5,3
749,2,1,5,5,4
750,2,1,5,5,5
751,2,2,1,1,1
752,2,2,1,1,2
753,2,2,1,1,3
754,2,2,1,1,4
755,2,2,1,1,5
756,2,2,1,2,1
757,2,2,1,2,2
758,2,2,1,2,3
759,2,2,1,2,4
760,2,2,1,2,5
761,2,2,1,3,1
762,2,2,1,3,2
763,2,2,1,3,3
764,2,2,1,3,4
765,2,2,1,3,5
766,2,2,1,4,1
767,2,2,1,4,2
768,2,2,1,4,3
769,2,2,1,4,4
770,2,2,1,4,5
771,2,2,1,5,1
772,2,2,1,5,2
773,2,2,1,5,3
774,2,2,1,5,4
775,2,2,1,5,5
776,2,2,2,1,1
777,2,2,2,1,2
778,2,2,2,1,3
779,2,2,2,1,4
780,2,2,2,1,5
781,2,2,2,2,1
782,2,2,2,2,2
783,2,2,2,2,3
784,2,2,2,2,4
785,2,2,2,2,5
786,2,2,2,3,1
787,2,2,2,3,2
788,2,2,2,3,3
789,2,2,2,3,4
790,2,2,2,3,5
791,2,2,2,4,1
792,2,2,2,4,2
793,2,2,2,4,3
794,2,2,2,4,4
795,2,2,2,4,5
796,2,2,2,5,1
797,2,2,2,5,2
798,2,2,2,5,3
799,2,2,2,5,4
800,2,2,2,5,5
801,2,2,3,1,1
802,2,2,3,1,2
803,2,2,3,1,3
804,2,2,3,1,4
805,2,2,3,1,5
806,2,2,3,2,1
807,2,2,3,2,2
808,2,2,3,2,3
809,2,2,3,2,4
810,2,2,3,2,5
811,2,2,3,3,1
812,2,2,3,3,2
813,2,2,3,3,3
814,2,2,3,3,4
815,2,2,3,3,5
816,2,2,3,4,1
817,2,2,3,4,2
818,2,2,3,4,3
819,2,2,3,4,4
820,2,2,3,4,5
821,2,2,3,5,1
822,2,2,3,5,2
823,2,2,3,5,3
824,2,2,3,5,4
825,2,2,3,5,5
826,2,2,4,1,1
827,2,2,4,1,2
828,2,2,4,1,3
829,2,2,4,1,4
830,2,2,4,1,5
831,2,2,4,2,1
832,2,2,4,2,2
833,2,2,4,2,3
834,2,2,4,2,4
835,2,2,4,2,5
836,2,2,4,3,1
837,2,2,4,3,2
838,2,2,4,3,3
839,2,2,4,3,4
840,2,2,4,3,5
841,2,2,4,4,1
842,2,2,4,4,2
843,2,2,4,4,3
844,2,2,4,4,4
845,2,2,4,4,5
846,2,2,4,5,1
847,2,2,4,5,2
848,2,2,4,5,3
849,2,2,4,5,4
850,2,2,4,5,5
851,2,2,5,1,1
852,2,2,5,1,2
853,2,2,5,1,3
854,2,2,5,1,4
855,2,2,5,1,5
856,2,2,5,2,1
857,2,2,5,2,2
858,2,2,5,2,3
859,2,2,5,2,4
860,2,2,5,2,5
861,2,2,5,3,1
862,2,2,5,3,2
863,2,2,5,3,3
864,2,2,5,3,4
865,2,2,5,3,5
866,2,2,5,4,1
867,2,2,5,4,2
868,2,2,5,4,3
869,2,2,5,4,4
870,2,2,5,4,5
871,2,2,5,5,1
872,2,2,5,5,2
873,2,2,5,5,3
874,2,2,5,5,4
875,2,2,5,5,5
876,2,3,1,1,1
877,2,3,1,1,2
878,2,3,1,1,3
879,2,3,1,1,4
880,2,3,1,1,5
881,2,3,1,2,1
882,2,3,1,2,2
883,2,3,1,2,3
884,2,3,1,2,4
885,2,3,1,2,5
886,2,3,1,3,1
887,2,3,1,3,2
888,2,3,1,3,3
889,2,3,1,3,4
890,2,3,1,3,5
891,2,3,1,4,1
892,2,3,1,4,2
893,2,3,1,4,3
894,2,3,1,4,4
895,2,3,1,4,5
896,2,3,1,5,1
897,2,3,1,5,2
898,2,3,1,5,3
899,2,3,1,5,4
900,2,3,1,5,5
901,2,3,2,1,1
902,2,3,2,1,2
903,2,3,2,1,3
904,2,3,2,1,4
905,2,3,2,1,5
906,2,3,2,2,1
907,2,3,2,2,2
908,2,3,2,2,3
909,2,3,2,2,4
910,2,3,2,2,5
911,2,3,2,3,1
912,2,3,2,3,2
913,2,3,2,3,3
914,2,3,2,3,4
915,2,3,2,3,5
916,2,3,2,4,1
917,2,3,2,4,2
918,2,3,2,4,3
919,2,3,2,4,4
920,2,3,2,4,5
921,2,3,2,5,1
922,2,3,2,5,2
923,2,3,2,5,3
924,2,3,2,5,4
925,2,3,2,5,5
926,2,3,3,1,1
927,2,3,3,1,2
928,2,3,3,1,3
929,2,3,3,1,4
930,2,3,3,1,5
931,2,3,3,2,1
932,2,3,3,2,2
933,2,3,3,2,3
934,2,3,3,2,4
935,2,3,3,2,5
936,2,3,3,3,1
937,2,3,3,3,2
938,2,3,3,3,3
939,2,3,3,3,4
940,2,3,3,3,5
941,2,3,3,4,1
942,2,3,3,4,2
943,2,3,3,4,3
944,2,3,3,4,4
945,2,3,3,4,5
946,2,3,3,5,1
947,2,3,3,5,2
948,2,3,3,5,3
949,2,3,3,5,4
950,2,3,3,5,5
951,2,3,4,1,1
952,2,3,4,1,2
953,2,3,4,1,3
954,2,3,4,1,4
955,2,3,4,1,5
956,2,3,4,2,1
957,2,3,4,2,2
958,2,3,4,2,3
959,2,3,4,2,4
960,2,3,4,2,5
961,2,3,4,3,1
962,2,3,4,3,2
963,2,3,4,3,3
964,2,3,4,3,4
965,2,3,4,3,5
966,2,3,4,4,1
967,2,3,4,4,2
968,2,3,4,4,3
969,2,3,4,4,4
970,2,3,4,4,5
971,2,3,4,5,1
972,2,3,4,5,2
973,2,3,4,5,3
974,2,3,4,5,4
975,2,3,4,5,5
976,2,3,5,1,1
977,2,3,5,1,2
978,2,3,5,1,3
979,2,3,5,1,4
980,2,3,5,1,5
981,2,3,5,2,1
982,2,3,5,2,2
983,2,3,5,2,3
984,2,3,5,2,4
985,2,3,5,2,5
986,2,3,5,3,1
987,2,3,5,3,2
988,2,3,5,3,3
989,2,3,5,3,4
990,2,3,5,3,5
991,2,3,5,4,1
992,2,3,5,4,2
993,2,3,5,4,3
994,2,3,5,4,4
995,2,3,5,4,5
996,2,3,5,5,1
997,2,3,5,5,2
998,2,3,5,5,3
999,2,3,5,5,4
1000,2,3,5,5,5
1001,2,4,1,1,1
1002,2,4,1,1,2
1003,2,4,1,1,3
1004,2,4,1,1,4
1005,2,4,1,1,5
1006,2,4,1,2,1
1007,2,4,1,2,2
1008,2,4,1,2,3
1009,2,4,1,2,4
1010,2,4,1,2,5
1011,2,4,1,3,1
1012,2,4,1,3,2
1013,2,4,1,3,3
1014,2,4,1,3,4
1015,2,4,1,3,5
1016,2,4,1,4,1
1017,2,4,1,4,2
1018,2,4,1,4,3
1019,2,4,1,4,4
1020,2,4,1,4,5
1021,2,4,1,5,1
1022,2,4,1,5,2
1023,2,4,1,5,3
1024,2,4,1,5,4
1025,2,4,1,5,5
1026,2,4,2,1,1
1027,2,4,2,1,2
1028,2,4,2,1,3
1029,2,4,2,1,4
1030,2,4,2,1,5
1031,2,4,2,2,1
1032,2,4,2,2,2
1033,2,4,2,2,3
1034,2,4,2,2,4
1035,2,4,2,2,5
1036,2,4,2,3,1
1037,2,4,2,3,2
1038,2,4,2,3,3
1039,2,4,2,3,4
1040,2,4,2,3,5
1041,2,4,2,4,1
1042,2,4,2,4,2
1043,2,4,2,4,3
1044,2,4,2,4,4
1045,2,4,2,4,5
1046,2,4,2,5,1
1047,2,4,2,5,2
1048,2,4,2,5,3
1049,2,4,2,5,4
1050,2,4,2,5,5
1051,2,4,3,1,1
1052,2,4,3,1,2
1053,2,4,3,1,3
1054,2,4,3,1,4
1055,2,4,3,1,5
1056,2,4,3,2,1
1057,2,4,3,2,2
1058,2,4,3,2,3
1059,2,4,3,2,4
1060,2,4,3,2,5
1061,2,4,3,3,1
1062,2,4,3,3,2
1063,2,4,3,3,3
1064,2,4,3,3,4
1065,2,4,3,3,5
1066,2,4,3,4,1
1067,2,4,3,4,2
1068,2,4,3,4,3
1069,2,4,3,4,4
1070,2,4,3,4,5
1071,2,4,3,5,1
1072,2,4,3,5,2
1073,2,4,3,5,3
1074,2,4,3,5,4
1075,2,4,3,5,5
1076,2,4,4,1,1
1077,2,4,4,1,2
1078,2,4,4,1,3
1079,2,4,4,1,4
1080,2,4,4,1,5
1081,2,4,4,2,1
1082,2,4,4,2,2
1083,2,4,4,2,3
1084,2,4,4,2,4
1085,2,4,4,2,5
1086,2,4,4,3,1
1087,2,4,4,3,2
1088,2,4,4,3,3
1089,2,4,4,3,4
1090,2,4,4,3,5
1091,2,4,4,4,1
1092,2,4,4,4,2
1093,2,4,4,4,3
1094,2,4,4,4,4
1095,2,4,4,4,5
1096,2,4,4,5,1
1097,2,4,4,5,2
1098,2,4,4,5,3
1099,2,4,4,5,4
1100,2,4,4,5,5
1101,2,4,5,1,1
1102,2,4,5,1,2
1103,2,4,5,1,3
1104,2,4,5,1,4
1105,2,4,5,1,5
1106,2,4,5,2,1
1107,2,4,5,2,2
1108,2,4,5,2,3
1109,2,4,5,2,4
1110,2,4,5,2,5
1111,2,4,5,3,1
1112,2,4,5,3,2
1113,2,4,5,3,3
1114,2,4,5,3,4
1115,2,4,5,3,5
1116,2,4,5,4,1
1117,2,4,5,4,2
1118,2,4,5,4,3
1119,2,4,5,4,4
1120,2,4,5,4,5
1121,2,4,5,5,1
1122,2,4,5,5,2
1123,2,4,5,5,3
1124,2,4,5,5,4
1125,2,4,5,5,5
1126,2,5,1,1,1
1127,2,5,1,1,2
1128,2,5,1,1,3
1129,2,5,1,1,4
1130,2,5,1,1,5
1131,2,5,1,2,1
1132,2,5,1,2,2
1133,2,5,1,2,3
1134,2,5,1,2,4
1135,2,5,1,2,5
1136,2,5,1,3,1
1137,2,5,1,3,2
1138,2,5,1,3,3
1139,2,5,1,3,4
1140,2,5,1,3,5
1141,2,5,1,4,1
1142,2,5,1,4,2
1143,2,5,1,4,3
1144,2,5,1,4,4
1145,2,5,1,4,5
1146,2,5,1,5,1
1147,2,5,1,5,2
1148,2,5,1,5,3
1149,2,5,1,5,4
1150,2,5,1,5,5
1151,2,5,2,1,1
1152,2,5,2,1,2
1153,2,5,2,1,3
1154,2,5,2,1,4
1155,2,5,2,1,5
1156,2,5,2,2,1
1157,2,5,2,2,2
1158,2,5,2,2,3
1159,2,5,2,2,4
1160,2,5,2,2,5
1161,2,5,2,3,1
1162,2,5,2,3,2
1163,2,5,2,3,3
1164,2,5,2,3,4
1165,2,5,2,3,5
1166,2,5,2,4,1
1167,2,5,2,4,2
1168,2,5,2,4,3
1169,2,5,2,4,4
1170,2,5,2,4,5
1171,2,5,2,5,1
1172,2,5,2,5,2
1173,2,5,2,5,3
1174,2,5,2,5,4
1175,2,5,2,5,5
1176,2,5,3,1,1
1177,2,5,3,1,2
1178,2,5,3,1,3
1179,2,5,3,1,4
1180,2,5,3,1,5
1181,2,5,3,2,1
1182,2,5,3,2,2
1183,2,5,3,2,3
1184,2,5,3,2,4
1185,2,5,3,2,5
1186,2,5,3,3,1
1187,2,5,3,3,2
1188,2,5,3,3,3
1189,2,5,3,3,4
1190,2,5,3,3,5
1191,2,5,3,4,1
1192,2,5,3,4,2
1193,2,5,3,4,3
1194,2,5,3,4,4
1195,2,5,3,4,5
1196,2,5,3,5,1
1197,2,5,3,5,2
1198,2,5,3,5,3
1199,2,5,3,5,4
1200,2,5,3,5,5
1201,2,5,4,1,1
1202,2,5,4,1,2
1203,2,5,4,1,3
1204,2,5,4,1,4
1205,2,5,4,1,5
1206,2,5,4,2,1
1207,2,5,4,2,2
1208,2,5,4,2,3
1209,2,5,4,2,4
1210,2,5,4,2,5
1211,2,5,4,3,1
1212,2,5,4,3,2
1213,2,5,4,3,3
1214,2,5,4,3,4
1215,2,5,4,3,5
1216,2,5,4,4,1
1217,2,5,4,4,2
1218,2,5,4,4,3
1219,2,5,4,4,4
1220,2,5,4,4,5
1221,2,5,4,5,1
1222,2,5,4,5,2
1223,2,5,4,5,3
1224,2,5,4,5,4
1225,2,5,4,5,5
1226,2,5,5,1,1
1227,2,5,5,1,2
1228,2,5,5,1,3
1229,2,5,5,1,4
1230,2,5,5,1,5
1231,2,5,5,2,1
1232,2,5,5,2,2
1233,2,5,5,2,3
1234,2,5,5,2,4
1235,2,5,5,2,5
1236,2,5,5,3,1
1237,2,5,5,3,2
1238,2,5,5,3,3
1239,2,5,5,3,4
1240,2,5,5,3,5
1241,2,5,5,4,1
1242,2,5,5,4,2
1243,2,5,5,4,3
1244,2,5,5,4,4
1245,2,5,5,4,5
1246,2,5,5,5,1
1247,2,5,5,5,2
1248,2,5,5,5,3
1249,2,5,5,5,4
1250,2,5,5,5,5
1251,3,1,1,1,1
1252,3,1,1,1,2
1253,3,1,1,1,3
1254,3,1,1,1,4
1255,3,1,1,1,5
1256,3,1,1,2,1
1257,3,1,1,2,2
1258,3,1,1,2,3
1259,3,1,1,2,4
1260,3,1,1,2,5
1261,3,1,1,3,1
1262,3,1,1,3,2
1263,3,1,1,3,3
1264,3,1,1,3,4
1265,3,1,1,3,5
1266,3,1,1,4,1
1267,3,1,1,4,2
1268,3,1,1,4,3
1269,3,1,1,4,4
1270,3,1,1,4,5
1271,3,1,1,5,1
1272,3,1,1,5,2
1273,3,1,1,5,3
1274,3,1,1,5,4
1275,3,1,1,5,5
1276,3,1,2,1,1
1277,3,1,2,1,2
1278,3,1,2,1,3
1279,3,1,2,1,4
1280,3,1,2,1,5
1281,3,1,2,2,1
1282,3,1,2,2,2
1283,3,1,2,2,3
1284,3,1,2,2,4
1285,3,1,2,2,5
1286,3,1,2,3,1
1287,3,1,2,3,2
1288,3,1,2,3,3
1289,3,1,2,3,4
1290,3,1,2,3,5
1291,3,1,2,4,1
1292,3,1,2,4,2
1293,3,1,2,4,3
1294,3,1,2,4,4
1295,3,1,2,4,5
1296,3,1,2,5,1
1297,3,1,2,5,2
1298,3,1,2,5,3
1299,3,1,2,5,4
1300,3,1,2,5,5
1301,3,1,3,1,1
1302,3,1,3,1,2
1303,3,1,3,1,3
1304,3,1,3,1,4
1305,3,1,3,1,5
1306,3,1,3,2,1
1307,3,1,3,2,2
1308,3,1,3,2,3
1309,3,1,3,2,4
1310,3,1,3,2,5
1311,3,1,3,3,1
1312,3,1,3,3,2
1313,3,1,3,3,3
1314,3,1,3,3,4
1315,3,1,3,3,5
1316,3,1,3,4,1
1317,3,1,3,4,2
1318,3,1,3,4,3
1319,3,1,3,4,4
1320,3,1,3,4,5
1321,3,1,3,5,1
1322,3,1,3,5,2
1323,3,1,3,5,3
1324,3,1,3,5,4
1325,3,1,3,5,5
1326,3,1,4,1,1
1327,3,1,4,1,2
1328,3,1,4,1,3
1329,3,1,4,1,4
1330,3,1,4,1,5
1331,3,1,4,2,1
1332,3,1,4,2,2
1333,3,1,4,2,3
1334,3,1,4,2,4
1335,3,1,4,2,5
1336,3,1,4,3,1
1337,3,1,4,3,2
1338,3,1,4,3,3
1339,3,1,4,3,4
1340,3,1,4,3,5
1341,3,1,4,4,1
1342,3,1,4,4,2
1343,3,1,4,4,3
1344,3,1,4,4,4
1345,3,1,4,4,5
1346,3,1,4,5,1
1347,3,1,4,5,2
1348,3,1,4,5,3
1349,3,1,4,5,4
1350,3,1,4,5,5
1351,3,1,5,1,1
1352,3,1,5,1,2
1353,3,1,5,1,3
1354,3,1,5,1,4
1355,3,1,5,1,5
1356,3,1,5,2,1
1357,3,1,5,2,2
1358,3,1,5,2,3
1359,3,1,5,2,4
1360,3,1,5,2,5
1361,3,1,5,3,1
1362,3,1,5,3,2
1363,3,1,5,3,3
1364,3,1,5,3,4
1365,3,1,5,3,5
1366,3,1,5,4,1
1367,3,1,5,4,2
1368,3,1,5,4,3
1369,3,1,5,4,4
1370,3,1,5,4,5
1371,3,1,5,5,1
1372,3,1,5,5,2
1373,3,1,5,5,3
1374,3,1,5,5,4
1375,3,1,5,5,5
1376,3,2,1,1,1
1377,3,2,1,1,2
1378,3,2,1,1,3
1379,3,2,1,1,4
1380,3,2,1,1,5
1381,3,2,1,2,1
1382,3,2,1,2,2
1383,3,2,1,2,3
1384,3,2,1,2,4
1385,3,2,1,2,5
1386,3,2,1,3,1
1387,3,2,1,3,2
1388,3,2,1,3,3
1389,3,2,1,3,4
1390,3,2,1,3,5
1391,3,2,1,4,1
1392,3,2,1,4,2
1393,3,2,1,4,3
1394,3,2,1,4,4
1395,3,2,1,4,5
1396,3,2,1,5,1
1397,3,2,1,5,2
1398,3,2,1,5,3
1399,3,2,1,5,4
1400,3,2,1,5,5
1401,3,2,2,1,1
1402,3,2,2,1,2
1403,3,2,2,1,3
1404,3,2,2,1,4
1405,3,2,2,1,5
1406,3,2,2,2,1
1407,3,2,2,2,2
1408,3,2,2,2,3
1409,3,2,2,2,4
1410,3,2,2,2,5
1411,3,2,2,3,1
1412,3,2,2,3,2
1413,3,2,2,3,3
1414,3,2,2,3,4
1415,3,2,2,3,5
1416,3,2,2,4,1
1417,3,2,2,4,2
1418,3,2,2,4,3
1419,3,2,2,4,4
1420,3,2,2,4,5
1421,3,2,2,5,1
1422,3,2,2,5,2
1423,3,2,2,5,3
1424,3,2,2,5,4
1425,3,2,2,5,5
1426,3,2,3,1,1
1427,3,2,3,1,2
1428,3,2,3,1,3
1429,3,2,3,1,4
1430,3,2,3,1,5
1431,3,2,3,2,1
1432,3,2,3,2,2
1433,3,2,3,2,3
1434,3,2,3,2,4
1435,3,2,3,2,5
1436,3,2,3,3,1
1437,3,2,3,3,2
1438,3,2,3,3,3
1439,3,2,3,3,4
1440,3,2,3,3,5
1441,3,2,3,4,1
1442,3,2,3,4,2
1443,3,2,3,4,3
1444,3,2,3,4,4
1445,3,2,3,4,5
1446,3,2,3,5,1
1447,3,2,3,5,2
1448,3,2,3,5,3
1449,3,2,3,5,4
1450,3,2,3,5,5
1451,3,2,4,1,1
1452,3,2,4,1,2
1453,3,2,4,1,3
1454,3,2,4,1,4
1455,3,2,4,1,5
1456,3,2,4,2,1
1457,3,2,4,2,2
1458,3,2,4,2,3
1459,3,2,4,2,4
1460,3,2,4,2,5
1461,3,2,4,3,1
1462,3,2,4,3,2
1463,3,2,4,3,3
1464,3,2,4,3,4
1465,3,2,4,3,5
1466,3,2,4,4,1
1467,3,2,4,4,2
1468,3,2,4,4,3
1469,3,2,4,4,4
1470,3,2,4,4,5
1471,3,2,4,5,1
1472,3,2,4,5,2
1473,3,2,4,5,3
1474,3,2,4,5,4
1475,3,2,4,5,5
1476,3,2,5,1,1
1477,3,2,5,1,2
1478,3,2,5,1,3
1479,3,2,5,1,4
1480,3,2,5,1,5
1481,3,2,5,2,1
1482,3,2,5,2,2
1483,3,2,5,2,3
1484,3,2,5,2,4
1485,3,2,5,2,5
1486,3,2,5,3,1
1487,3,2,5,3,2
1488,3,2,5,3,3
1489,3,2,5,3,4
1490,3,2,5,3,5
1491,3,2,5,4,1
1492,3,2,5,4,2
1493,3,2,5,4,3
1494,3,2,5,4,4
1495,3,2,5,4,5
1496,3,2,5,5,1
1497,3,2,5,5,2
1498,3,2,5,5,3
1499,3,2,5,5,4
1500,3,2,5,5,5
1501,3,3,1,1,1
1502,3,3,1,1,2
1503,3,3,1,1,3
1504,3,3,1,1,4
1505,3,3,1,1,5
1506,3,3,1,2,1
1507,3,3,1,2,2
1508,3,3,1,2,3
1509,3,3,1,2,4
1510,3,3,1,2,5
1511,3,3,1,3,1
1512,3,3,1,3,2
1513,3,3,1,3,3
1514,3,3,1,3,4
1515,3,3,1,3,5
1516,3,3,1,4,1
1517,3,3,1,4,2
1518,3,3,1,4,3
1519,3,3,1,4,4
1520,3,3,1,4,5
1521,3,3,1,5,1
1522,3,3,1,5,2
1523,3,3,1,5,3
1524,3,3,1,5,4
1525,3,3,1,5,5
1526,3,3,2,1,1
1527,3,3,2,1,2
1528,3,3,2,1,3
1529,3,3,2,1,4
1530,3,3,2,1,5
1531,3,3,2,2,1
1532,3,3,2,2,2
1533,3,3,2,2,3
1534,3,3,2,2,4
1535,3,3,2,2,5
1536,3,3,2,3,1
1537,3,3,2,3,2
1538,3,3,2,3,3
1539,3,3,2,3,4
1540,3,3,2,3,5
1541,3,3,2,4,1
1542,3,3,2,4,2
1543,3,3,2,4,3
1544,3,3,2,4,4
1545,3,3,2,4,5
1546,3,3,2,5,1
1547,3,3,2,5,2
1548,3,3,2,5,3
1549,3,3,2,5,4
1550,3,3,2,5,5
1551,3,3,3,1,1
1552,3,3,3,1,2
1553,3,3,3,1,3
1554,3,3,3,1,4
1555,3,3,3,1,5
1556,3,3,3,2,1
1557,3,3,3,2,2
1558,3,3,3,2,3
1559,3,3,3,2,4
1560,3,3,3,2,5
1561,3,3,3,3,1
1562,3,3,3,3,2
1563,3,3,3,3,3
1564,3,3,3,3,4
1565,3,3,3,3,5
1566,3,3,3,4,1
1567,3,3,3,4,2
1568,3,3,3,4,3
1569,3,3,3,4,4
1570,3,3,3,4,5
1571,3,3,3,5,1
1572,3,3,3,5,2
1573,3,3,3,5,3
1574,3,3,3,5,4
1575,3,3,3,5,5
1576,3,3,4,1,1
1577,3,3,4,1,2
1578,3,3,4,1,3
1579,3,3,4,1,4
1580,3,3,4,1,5
1581,3,3,4,2,1
1582,3,3,4,2,2
1583,3,3,4,2,3
1584,3,3,4,2,4
1585,3,3,4,2,5
1586,3,3,4,3,1
1587,3,3,4,3,2
1588,3,3,4,3,3
1589,3,3,4,3,4
1590,3,3,4,3,5
1591,3,3,4,4,1
1592,3,3,4,4,2
1593,3,3,4,4,3
1594,3,3,4,4,4
1595,3,3,4,4,5
1596,3,3,4,5,1
1597,3,3,4,5,2
1598,3,3,4,5,3
1599,3,3,4,5,4
1600,3,3,4,5,5
1601,3,3,5,1,1
1602,3,3,5,1,2
1603,3,3,5,1,3
1604,3,3,5,1,4
1605,3,3,5,1,5
1606,3,3,5,2,1
1607,3,3,5,2,2
1608,3,3,5,2,3
1609,3,3,5,2,4
1610,3,3,5,2,5
1611,3,3,5,3,1
1612,3,3,5,3,2
1613,3,3,5,3,3
1614,3,3,5,3,4
1615,3,3,5,3,5
1616,3,3,5,4,1
1617,3,3,5,4,2
1618,3,3,5,4,3
1619,3,3,5,4,4
1620,3,3,5,4,5
1621,3,3,5,5,1
1622,3,3,5,5,2
1623,3,3,5,5,3
1624,3,3,5,5,4
1625,3,3,5,5,5
1626,3,4,1,1,1
1627,3,4,1,1,2
1628,3,4,1,1,3
1629,3,4,1,1,4
1630,3,4,1,1,5
1631,3,4,1,2,1
1632,3,4,1,2,2
1633,3,4,1,2,3
1634,3,4,1,2,4
1635,3,4,1,2,5
1636,3,4,1,3,1
1637,3,4,1,3,2
1638,3,4,1,3,3
1639,3,4,1,3,4
1640,3,4,1,3,5
1641,3,4,1,4,1
1642,3,4,1,4,2
1643,3,4,1,4,3
1644,3,4,1,4,4
1645,3,4,1,4,5
1646,3,4,1,5,1
1647,3,4,1,5,2
1648,3,4,1,5,3
1649,3,4,1,5,4
1650,3,4,1,5,5
1651,3,4,2,1,1
1652,3,4,2,1,2
1653,3,4,2,1,3
1654,3,4,2,1,4
1655,3,4,2,1,5
1656,3,4,2,2,1
1657,3,4,2,2,2
1658,3,4,2,2,3
1659,3,4,2,2,4
1660,3,4,2,2,5
1661,3,4,2,3,1
1662,3,4,2,3,2
1663,3,4,2,3,3
1664,3,4,2,3,4
1665,3,4,2,3,5
1666,3,4,2,4,1
1667,3,4,2,4,2
1668,3,4,2,4,3
1669,3,4,2,4,4
1670,3,4,2,4,5
1671,3,4,2,5,1
1672,3,4,2,5,2
1673,3,4,2,5,3
1674,3,4,2,5,4
1675,3,4,2,5,5
1676,3,4,3,1,1
1677,3,4,3,1,2
1678,3,4,3,1,3
1679,3,4,3,1,4
1680,3,4,3,1,5
1681,3,4,3,2,1
1682,3,4,3,2,2
1683,3,4,3,2,3
1684,3,4,3,2,4
1685,3,4,3,2,5
1686,3,4,3,3,1
1687,3,4,3,3,2
1688,3,4,3,3,3
1689,3,4,3,3,4
1690,3,4,3,3,5
1691,3,4,3,4,1
1692,3,4,3,4,2
1693,3,4,3,4,3
1694,3,4,3,4,4
1695,3,4,3,4,5
1696,3,4,3,5,1
1697,3,4,3,5,2
1698,3,4,3,5,3
1699,3,4,3,5,4
1700,3,4,3,5,5
1701,3,4,4,1,1
1702,3,4,4,1,2
1703,3,4,4,1,3
1704,3,4,4,1,4
1705,3,4,4,1,5
1706,3,4,4,2,1
1707,3,4,4,2,2
1708,3,4,4,2,3
1709,3,4,4,2,4
1710,3,4,4,2,5
1711,3,4,4,3,1
1712,3,4,4,3,2
1713,3,4,4,3,3
1714,3,4,4,3,4
1715,3,4,4,3,5
1716,3,4,4,4,1
1717,3,4,4,4,2
1718,3,4,4,4,3
1719,3,4,4,4,4
1720,3,4,4,4,5
1721,3,4,4,5,1
1722,3,4,4,5,2
1723,3,4,4,5,3
1724,3,4,4,5,4
1725,3,4,4,5,5
1726,3,4,5,1,1
1727,3,4,5,1,2
1728,3,4,5,1,3
1729,3,4,5,1,4
1730,3,4,5,1,5
1731,3,4,5,2,1
1732,3,4,5,2,2
1733,3,4,5,2,3
1734,3,4,5,2,4
1735,3,4,5,2,5
1736,3,4,5,3,1
1737,3,4,5,3,2
1738,3,4,5,3,3
1739,3,4,5,3,4
1740,3,4,5,3,5
1741,3,4,5,4,1
1742,3,4,5,4,2
1743,3,4,5,4,3
1744,3,4,5,4,4
1745,3,4,5,4,5
1746,3,4,5,5,1
1747,3,4,5,5,2
1748,3,4,5,5,3
1749,3,4,5,5,4
1750,3,4,5,5,5
1751,3,5,1,1,1
1752,3,5,1,1,2
1753,3,5,1,1,3
1754,3,5,1,1,4
1755,3,5,1,1,5
1756,3,5,1,2,1
1757,3,5,1,2,2
1758,3,5,1,2,3
1759,3,5,1,2,4
1760,3,5,1,2,5
1761,3,5,1,3,1
1762,3,5,1,3,2
1763,3,5,1,3,3
1764,3,5,1,3,4
1765,3,5,1,3,5
1766,3,5,1,4,1
1767,3,5,1,4,2
1768,3,5,1,4,3
1769,3,5,1,4,4
1770,3,5,1,4,5
1771,3,5,1,5,1
1772,3,5,1,5,2
1773,3,5,1,5,3
1774,3,5,1,5,4
1775,3,5,1,5,5
1776,3,5,2,1,1
1777,3,5,2,1,2
1778,3,5,2,1,3
1779,3,5,2,1,4
1780,3,5,2,1,5
1781,3,5,2,2,1
1782,3,5,2,2,2
1783,3,5,2,2,3
1784,3,5,2,2,4
1785,3,5,2,2,5
1786,3,5,2,3,1
1787,3,5,2,3,2
1788,3,5,2,3,3
1789,3,5,2,3,4
1790,3,5,2,3,5
1791,3,5,2,4,1
1792,3,5,2,4,2
1793,3,5,2,4,3
1794,3,5,2,4,4
1795,3,5,2,4,5
1796,3,5,2,5,1
1797,3,5,2,5,2
1798,3,5,2,5,3
1799,3,5,2,5,4
1800,3,5,2,5,5
1801,3,5,3,1,1
1802,3,5,3,1,2
1803,3,5,3,1,3
1804,3,5,3,1,4
1805,3,5,3,1,5
1806,3,5,3,2,1
1807,3,5,3,2,2
1808,3,5,3,2,3
1809,3,5,3,2,4
1810,3,5,3,2,5
1811,3,5,3,3,1
1812,3,5,3,3,2
1813,3,5,3,3,3
1814,3,5,3,3,4
1815,3,5,3,3,5
1816,3,5,3,4,1
1817,3,5,3,4,2
1818,3,5,3,4,3
1819,3,5,3,4,4
1820,3,5,3,4,5
1821,3,5,3,5,1
1822,3,5,3,5,2
1823,3,5,3,5,3
1824,3,5,3,5,4
1825,3,5,3,5,5
1826,3,5,4,1,1
1827,3,5,4,1,2
1828,3,5,4,1,3
1829,3,5,4,1,4
1830,3,5,4,1,5
1831,3,5,4,2,1
1832,3,5,4,2,2
1833,3,5,4,2,3
1834,3,5,4,2,4
1835,3,5,4,2,5
1836,3,5,4,3,1
1837,3,5,4,3,2
1838,3,5,4,3,3
1839,3,5,4,3,4
1840,3,5,4,3,5
1841,3,5,4,4,1
1842,3,5,4,4,2
1843,3,5,4,4,3
1844,3,5,4,4,4
1845,3,5,4,4,5
1846,3,5,4,5,1
1847,3,5,4,5,2
1848,3,5,4,5,3
1849,3,5,4,5,4
1850,3,5,4,5,5
1851,3,5,5,1,1
1852,3,5,5,1,2
1853,3,5,5,1,3
1854,3,5,5,1,4
1855,3,5,5,1,5
1856,3,5,5,2,1
1857,3,5,5,2,2
1858,3,5,5,2,3
1859,3,5,5,2,4
1860,3,5,5,2,5
1861,3,5,5,3,1
1862,3,5,5,3,2
1863,3,5,5,3,3
1864,3,5,5,3,4
1865,3,5,5,3,5
1866,3,5,5,4,1
1867,3,5,5,4,2
1868,3,5,5,4,3
1869,3,5,5,4,4
1870,3,5,5,4,5
1871,3,5,5,5,1
1872,3,5,5,5,2
1873,3,5,5,5,3
1874,3,5,5,5,4
1875,3,5,5,5,5
1876,4,1,1,1,1
1877,4,1,1,1,2
1878,4,1,1,1,3
1879,4,1,1,1,4
1880,4,1,1,1,5
1881,4,1,1,2,1
1882,4,1,1,2,2
1883,4,1,1,2,3
1884,4,1,1,2,4
1885,4,1,1,2,5
1886,4,1,1,3,1
1887,4,1,1,3,2
1888,4,1,1,3,3
1889,4,1,1,3,4
1890,4,1,1,3,5
1891,4,1,1,4,1
1892,4,1,1,4,2
1893,4,1,1,4,3
1894,4,1,1,4,4
1895,4,1,1,4,5
1896,4,1,1,5,1
1897,4,1,1,5,2
1898,4,1,1,5,3
1899,4,1,1,5,4
1900,4,1,1,5,5
1901,4,1,2,1,1
1902,4,1,2,1,2
1903,4,1,2,1,3
1904,4,1,2,1,4
1905,4,1,2,1,5
1906,4,1,2,2,1
1907,4,1,2,2,2
1908,4,1,2,2,3
1909,4,1,2,2,4
1910,4,1,2,2,5
1911,4,1,2,3,1
1912,4,1,2,3,2
1913,4,1,2,3,3
1914,4,1,2,3,4
1915,4,1,2,3,5
1916,4,1,2,4,1
1917,4,1,2,4,2
1918,4,1,2,4,3
1919,4,1,2,4,4
1920,4,1,2,4,5
1921,4,1,2,5,1
1922,4,1,2,5,2
1923,4,1,2,5,3
1924,4,1,2,5,4
1925,4,1,2,5,5
1926,4,1,3,1,1
1927,4,1,3,1,2
1928,4,1,3,1,3
1929,4,1,3,1,4
1930,4,1,3,1,5
1931,4,1,3,2,1
1932,4,1,3,2,2
1933,4,1,3,2,3
1934,4,1,3,2,4
1935,4,1,3,2,5
1936,4,1,3,3,1
1937,4,1,3,3,2
1938,4,1,3,3,3
1939,4,1,3,3,4
1940,4,1,3,3,5
1941,4,1,3,4,1
1942,4,1,3,4,2
1943,4,1,3,4,3
1944,4,1,3,4,4
1945,4,1,3,4,5
1946,4,1,3,5,1
1947,4,1,3,5,2
1948,4,1,3,5,3
1949,4,1,3,5,4
1950,4,1,3,5,5
1951,4,1,4,1,1
1952,4,1,4,1,2
1953,4,1,4,1,3
1954,4,1,4,1,4
1955,4,1,4,1,5
1956,4,1,4,2,1
1957,4,1,4,2,2
1958,4,1,4,2,3
1959,4,1,4,2,4
1960,4,1,4,2,5
1961,4,1,4,3,1
1962,4,1,4,3,2
1963,4,1,4,3,3
1964,4,1,4,3,4
1965,4,1,4,3,5
1966,4,1,4,4,1
1967,4,1,4,4,2
1968,4,1,4,4,3
1969,4,1,4,4,4
1970,4,1,4,4,5
1971,4,1,4,5,1
1972,4,1,4,5,2
1973,4,1,4,5,3
1974,4,1,4,5,4
1975,4,1,4,5,5
1976,4,1,5,1,1
1977,4,1,5,1,2
1978,4,1,5,1,3
1979,4,1,5,1,4
1980,4,1,5,1,5
1981,4,1,5,2,1
1982,4,1,5,2,2
1983,4,1,5,2,3
1984,4,1,5,2,4
1985,4,1,5,2,5
1986,4,1,5,3,1
1987,4,1,5,3,2
1988,4,1,5,3,3
1989,4,1,5,3,4
1990,4,1,5,3,5
1991,4,1,5,4,1
1992,4,1,5,4,2
1993,4,1,5,4,3
1994,4,1,5,4,4
1995,4,1,5,4,5
1996,4,1,5,5,1
1997,4,1,5,5,2
1998,4,1,5,5,3
1999,4,1,5,5,4
2000,4,1,5,5,5
2001,4,2,1,1,1
2002,4,2,1,1,2
2003,4,2,1,1,3
2004,4,2,1,1,4
2005,4,2,1,1,5
2006,4,2,1,2,1
2007,4,2,1,2,2
2008,4,2,1,2,3
2009,4,2,1,2,4
2010,4,2,1,2,5
2011,4,2,1,3,1
2012,4,2,1,3,2
2013,4,2,1,3,3
2014,4,2,1,3,4
2015,4,2,1,3,5
2016,4,2,1,4,1
2017,4,2,1,4,2
2018,4,2,1,4,3
2019,4,2,1,4,4
2020,4,2,1,4,5
2021,4,2,1,5,1
2022,4,2,1,5,2
2023,4,2,1,5,3
2024,4,2,1,5,4
2025,4,2,1,5,5
2026,4,2,2,1,1
2027,4,2,2,1,2
2028,4,2,2,1,3
2029,4,2,2,1,4
2030,4,2,2,1,5
2031,4,2,2,2,1
2032,4,2,2,2,2
2033,4,2,2,2,3
2034,4,2,2,2,4
2035,4,2,2,2,5
2036,4,2,2,3,1
2037,4,2,2,3,2
2038,4,2,2,3,3
2039,4,2,2,3,4
2040,4,2,2,3,5
2041,4,2,2,4,1
2042,4,2,2,4,2
2043,4,2,2,4,3
2044,4,2,2,4,4
2045,4,2,2,4,5
2046,4,2,2,5,1
2047,4,2,2,5,2
2048,4,2,2,5,3
2049,4,2,2,5,4
2050,4,2,2,5,5
2051,4,2,3,1,1
2052,4,2,3,1,2
2053,4,2,3,1,3
2054,4,2,3,1,4
2055,4,2,3,1,5
2056,4,2,3,2,1
2057,4,2,3,2,2
2058,4,2,3,2,3
2059,4,2,3,2,4
2060,4,2,3,2,5
2061,4,2,3,3,1
2062,4,2,3,3,2
2063,4,2,3,3,3
2064,4,2,3,3,4
2065,4,2,3,3,5
2066,4,2,3,4,1
2067,4,2,3,4,2
2068,4,2,3,4,3
2069,4,2,3,4,4
2070,4,2,3,4,5
2071,4,2,3,5,1
2072,4,2,3,5,2
2073,4,2,3,5,3
2074,4,2,3,5,4
2075,4,2,3,5,5
2076,4,2,4,1,1
2077,4,2,4,1,2
2078,4,2,4,1,3
2079,4,2,4,1,4
2080,4,2,4,1,5
2081,4,2,4,2,1
2082,4,2,4,2,2
2083,4,2,4,2,3
2084,4,2,4,2,4
2085,4,2,4,2,5
2086,4,2,4,3,1
2087,4,2,4,3,2
2088,4,2,4,3,3
2089,4,2,4,3,4
2090,4,2,4,3,5
2091,4,2,4,4,1
2092,4,2,4,4,2
2093,4,2,4,4,3
2094,4,2,4,4,4
2095,4,2,4,4,5
2096,4,2,4,5,1
2097,4,2,4,5,2
2098,4,2,4,5,3
2099,4,2,4,5,4
2100,4,2,4,5,5
2101,4,2,5,1,1
2102,4,2,5,1,2
2103,4,2,5,1,3
2104,4,2,5,1,4
2105,4,2,5,1,5
2106,4,2,5,2,1
2107,4,2,5,2,2
2108,4,2,5,2,3
2109,4,2,5,2,4
2110,4,2,5,2,5
2111,4,2,5,3,1
2112,4,2,5,3,2
2113,4,2,5,3,3
2114,4,2,5,3,4
2115,4,2,5,3,5
2116,4,2,5,4,1
2117,4,2,5,4,2
2118,4,2,5,4,3
2119,4,2,5,4,4
2120,4,2,5,4,5
2121,4,2,5,5,1
2122,4,2,5,5,2
2123,4,2,5,5,3
2124,4,2,5,5,4
2125,4,2,5,5,5
2126,4,3,1,1,1
2127,4,3,1,1,2
2128,4,3,1,1,3
2129,4,3,1,1,4
2130,4,3,1,1,5
2131,4,3,1,2,1
2132,4,3,1,2,2
2133,4,3,1,2,3
2134,4,3,1,2,4
2135,4,3,1,2,5
2136,4,3,1,3,1
2137,4,3,1,3,2
2138,4,3,1,3,3
2139,4,3,1,3,4
2140,4,3,1,3,5
2141,4,3,1,4,1
2142,4,3,1,4,2
2143,4,3,1,4,3
2144,4,3,1,4,4
2145,4,3,1,4,5
2146,4,3,1,5,1
2147,4,3,1,5,2
2148,4,3,1,5,3
2149,4,3,1,5,4
2150,4,3,1,5,5
2151,4,3,2,1,1
2152,4,3,2,1,2
2153,4,3,2,1,3
2154,4,3,2,1,4
2155,4,3,2,1,5
2156,4,3,2,2,1
2157,4,3,2,2,2
2158,4,3,2,2,3
2159,4,3,2,2,4
2160,4,3,2,2,5
2161,4,3,2,3,1
2162,4,3,2,3,2
2163,4,3,2,3,3
2164,4,3,2,3,4
2165,4,3,2,3,5
2166,4,3,2,4,1
2167,4,3,2,4,2
2168,4,3,2,4,3
2169,4,3,2,4,4
2170,4,3,2,4,5
2171,4,3,2,5,1
2172,4,3,2,5,2
2173,4,3,2,5,3
2174,4,3,2,5,4
2175,4,3,2,5,5
2176,4,3,3,1,1
2177,4,3,3,1,2
2178,4,3,3,1,3
2179,4,3,3,1,4
2180,4,3,3,1,5
2181,4,3,3,2,1
2182,4,3,3,2,2
2183,4,3,3,2,3
2184,4,3,3,2,4
2185,4,3,3,2,5
2186,4,3,3,3,1
2187,4,3,3,3,2
2188,4,3,3,3,3
2189,4,3,3,3,4
2190,4,3,3,3,5
2191,4,3,3,4,1
2192,4,3,3,4,2
2193,4,3,3,4,3
2194,4,3,3,4,4
2195,4,3,3,4,5
2196,4,3,3,5,1
2197,4,3,3,5,2
2198,4,3,3,5,3
2199,4,3,3,5,4
2200,4,3,3,5,5
2201,4,3,4,1,1
2202,4,3,4,1,2
2203,4,3,4,1,3
2204,4,3,4,1,4
2205,4,3,4,1,5
2206,4,3,4,2,1
2207,4,3,4,2,2
2208,4,3,4,2,3
2209,4,3,4,2,4
2210,4,3,4,2,5
2211,4,3,4,3,1
2212,4,3,4,3,2
2213,4,3,4,3,3
2214,4,3,4,3,4
2215,4,3,4,3,5
2216,4,3,4,4,1
2217,4,3,4,4,2
2218,4,3,4,4,3
2219,4,3,4,4,4
2220,4,3,4,4,5
2221,4,3,4,5,1
2222,4,3,4,5,2
2223,4,3,4,5,3
2224,4,3,4,5,4
2225,4,3,4,5,5
2226,4,3,5,1,1
2227,4,3,5,1,2
2228,4,3,5,1,3
2229,4,3,5,1,4
2230,4,3,5,1,5
2231,4,3,5,2,1
2232,4,3,5,2,2
2233,4,3,5,2,3
2234,4,3,5,2,4
2235,4,3,5,2,5
2236,4,3,5,3,1
2237,4,3,5,3,2
2238,4,3,5,3,3
2239,4,3,5,3,4
2240,4,3,5,3,5
2241,4,3,5,4,1
2242,4,3,5,4,2
2243,4,3,5,4,3
2244,4,3,5,4,4
2245,4,3,5,4,5
2246,4,3,5,5,1
2247,4,3,5,5,2
2248,4,3,5,5,3
2249,4,3,5,5,4
2250,4,3,5,5,5
2251,4,4,1,1,1
2252,4,4,1,1,2
2253,4,4,1,1,3
2254,4,4,1,1,4
2255,4,4,1,1,5
2256,4,4,1,2,1
2257,4,4,1,2,2
2258,4,4,1,2,3
2259,4,4,1,2,4
2260,4,4,1,2,5
2261,4,4,1,3,1
2262,4,4,1,3,2
2263,4,4,1,3,3
2264,4,4,1,3,4
2265,4,4,1,3,5
2266,4,4,1,4,1
2267,4,4,1,4,2
2268,4,4,1,4,3
2269,4,4,1,4,4
2270,4,4,1,4,5
2271,4,4,1,5,1
2272,4,4,1,5,2
2273,4,4,1,5,3
2274,4,4,1,5,4
2275,4,4,1,5,5
2276,4,4,2,1,1
2277,4,4,2,1,2
2278,4,4,2,1,3
2279,4,4,2,1,4
2280,4,4,2,1,5
2281,4,4,2,2,1
2282,4,4,2,2,2
2283,4,4,2,2,3
2284,4,4,2,2,4
2285,4,4,2,2,5
2286,4,4,2,3,1
2287,4,4,2,3,2
2288,4,4,2,3,3
2289,4,4,2,3,4
2290,4,4,2,3,5
2291,4,4,2,4,1
2292,4,4,2,4,2
2293,4,4,2,4,3
2294,4,4,2,4,4
2295,4,4,2,4,5
2296,4,4,2,5,1
2297,4,4,2,5,2
2298,4,4,2,5,3
2299,4,4,2,5,4
2300,4,4,2,5,5
2301,4,4,3,1,1
2302,4,4,3,1,2
2303,4,4,3,1,3
2304,4,4,3,1,4
2305,4,4,3,1,5
2306,4,4,3,2,1
2307,4,4,3,2,2
2308,4,4,3,2,3
2309,4,4,3,2,4
2310,4,4,3,2,5
2311,4,4,3,3,1
2312,4,4,3,3,2
2313,4,4,3,3,3
2314,4,4,3,3,4
2315,4,4,3,3,5
2316,4,4,3,4,1
2317,4,4,3,4,2
2318,4,4,3,4,3
2319,4,4,3,4,4
2320,4,4,3,4,5
2321,4,4,3,5,1
2322,4,4,3,5,2
2323,4,4,3,5,3
2324,4,4,3,5,4
2325,4,4,3,5,5
2326,4,4,4,1,1
2327,4,4,4,1,2
2328,4,4,4,1,3
2329,4,4,4,1,4
2330,4,4,4,1,5
2331,4,4,4,2,1
2332,4,4,4,2,2
2333,4,4,4,2,3
2334,4,4,4,2,4
2335,4,4,4,2,5
2336,4,4,4,3,1
2337,4,4,4,3,2
2338,4,4,4,3,3
2339,4,4,4,3,4
2340,4,4,4,3,5
2341,4,4,4,4,1
2342,4,4,4,4,2
2343,4,4,4,4,3
2344,4,4,4,4,4
2345,4,4,4,4,5
2346,4,4,4,5,1
2347,4,4,4,5,2
2348,4,4,4,5,3
2349,4,4,4,5,4
2350,4,4,4,5,5
2351,4,4,5,1,1
2352,4,4,5,1,2
2353,4,4,5,1,3
2354,4,4,5,1,4
2355,4,4,5,1,5
2356,4,4,5,2,1
2357,4,4,5,2,2
2358,4,4,5,2,3
2359,4,4,5,2,4
2360,4,4,5,2,5
2361,4,4,5,3,1
2362,4,4,5,3,2
2363,4,4,5,3,3
2364,4,4,5,3,4
2365,4,4,5,3,5
2366,4,4,5,4,1
2367,4,4,5,4,2
2368,4,4,5,4,3
2369,4,4,5,4,4
2370,4,4,5,4,5
2371,4,4,5,5,1
2372,4,4,5,5,2
2373,4,4,5,5,3
2374,4,4,5,5,4
2375,4,4,5,5,5
2376,4,5,1,1,1
2377,4,5,1,1,2
2378,4,5,1,1,3
2379,4,5,1,1,4
2380,4,5,1,1,5
2381,4,5,1,2,1
2382,4,5,1,2,2
2383,4,5,1,2,3
2384,4,5,1,2,4
2385,4,5,1,2,5
2386,4,5,1,3,1
2387,4,5,1,3,2
2388,4,5,1,3,3
2389,4,5,1,3,4
2390,4,5,1,3,5
2391,4,5,1,4,1
2392,4,5,1,4,2
2393,4,5,1,4,3
2394,4,5,1,4,4
2395,4,5,1,4,5
2396,4,5,1,5,1
2397,4,5,1,5,2
2398,4,5,1,5,3
2399,4,5,1,5,4
2400,4,5,1,5,5
2401,4,5,2,1,1
2402,4,5,2,1,2
2403,4,5,2,1,3
2404,4,5,2,1,4
2405,4,5,2,1,5
2406,4,5,2,2,1
2407,4,5,2,2,2
2408,4,5,2,2,3
2409,4,5,2,2,4
2410,4,5,2,2,5
2411,4,5,2,3,1
2412,4,5,2,3,2
2413,4,5,2,3,3
2414,4,5,2,3,4
2415,4,5,2,3,5
2416,4,5,2,4,1
2417,4,5,2,4,2
2418,4,5,2,4,3
2419,4,5,2,4,4
2420,4,5,2,4,5
2421,4,5,2,5,1
2422,4,5,2,5,2
2423,4,5,2,5,3
2424,4,5,2,5,4
2425,4,5,2,5,5
2426,4,5,3,1,1
2427,4,5,3,1,2
2428,4,5,3,1,3
2429,4,5,3,1,4
2430,4,5,3,1,5
2431,4,5,3,2,1
2432,4,5,3,2,2
2433,4,5,3,2,3
2434,4,5,3,2,4
2435,4,5,3,2,5
2436,4,5,3,3,1
2437,4,5,3,3,2
2438,4,5,3,3,3
2439,4,5,3,3,4
2440,4,5,3,3,5
2441,4,5,3,4,1
2442,4,5,3,4,2
2443,4,5,3,4,3
2444,4,5,3,4,4
2445,4,5,3,4,5
2446,4,5,3,5,1
2447,4,5,3,5,2
2448,4,5,3,5,3
2449,4,5,3,5,4
2450,4,5,3,5,5
2451,4,5,4,1,1
2452,4,5,4,1,2
2453,4,5,4,1,3
2454,4,5,4,1,4
2455,4,5,4,1,5
2456,4,5,4,2,1
2457,4,5,4,2,2
2458,4,5,4,2,3
2459,4,5,4,2,4
2460,4,5,4,2,5
2461,4,5,4,3,1
2462,4,5,4,3,2
2463,4,5,4,3,3
2464,4,5,4,3,4
2465,4,5,4,3,5
2466,4,5,4,4,1
2467,4,5,4,4,2
2468,4,5,4,4,3
2469,4,5,4,4,4
2470,4,5,4,4,5
2471,4,5,4,5,1
2472,4,5,4,5,2
2473,4,5,4,5,3
2474,4,5,4,5,4
2475,4,5,4,5,5
2476,4,5,5,1,1
2477,4,5,5,1,2
2478,4,5,5,1,3
2479,4,5,5,1,4
2480,4,5,5,1,5
2481,4,5,5,2,1
2482,4,5,5,2,2
2483,4,5,5,2,3
2484,4,5,5,2,4
2485,4,5,5,2,5
2486,4,5,5,3,1
2487,4,5,5,3,2
2488,4,5,5,3,3
2489,4,5,5,3,4
2490,4,5,5,3,5
2491,4,5,5,4,1
2492,4,5,5,4,2
2493,4,5,5,4,3
2494,4,5,5,4,4
2495,4,5,5,4,5
2496,4,5,5,5,1
2497,4,5,5,5,2
2498,4,5,5,5,3
2499,4,5,5,5,4
2500,4,5,5,5,5
2501,5,1,1,1,1
2502,5,1,1,1,2
2503,5,1,1,1,3
2504,5,1,1,1,4
2505,5,1,1,1,5
2506,5,1,1,2,1
2507,5,1,1,2,2
2508,5,1,1,2,3
2509,5,1,1,2,4
2510,5,1,1,2,5
2511,5,1,1,3,1
2512,5,1,1,3,2
2513,5,1,1,3,3
2514,5,1,1,3,4
2515,5,1,1,3,5
2516,5,1,1,4,1
2517,5,1,1,4,2
2518,5,1,1,4,3
2519,5,1,1,4,4
2520,5,1,1,4,5
2521,5,1,1,5,1
2522,5,1,1,5,2
2523,5,1,1,5,3
2524,5,1,1,5,4
2525,5,1,1,5,5
2526,5,1,2,1,1
2527,5,1,2,1,2
2528,5,1,2,1,3
2529,5,1,2,1,4
2530,5,1,2,1,5
2531,5,1,2,2,1
2532,5,1,2,2,2
2533,5,1,2,2,3
2534,5,1,2,2,4
2535,5,1,2,2,5
2536,5,1,2,3,1
2537,5,1,2,3,2
2538,5,1,2,3,3
2539,5,1,2,3,4
2540,5,1,2,3,5
2541,5,1,2,4,1
2542,5,1,2,4,2
2543,5,1,2,4,3
2544,5,1,2,4,4
2545,5,1,2,4,5
2546,5,1,2,5,1
2547,5,1,2,5,2
2548,5,1,2,5,3
2549,5,1,2,5,4
2550,5,1,2,5,5
2551,5,1,3,1,1
2552,5,1,3,1,2
2553,5,1,3,1,3
2554,5,1,3,1,4
2555,5,1,3,1,5
2556,5,1,3,2,1
2557,5,1,3,2,2
2558,5,1,3,2,3
2559,5,1,3,2,4
2560,5,1,3,2,5
2561,5,1,3,3,1
2562,5,1,3,3,2
2563,5,1,3,3,3
2564,5,1,3,3,4
2565,5,1,3,3,5
2566,5,1,3,4,1
2567,5,1,3,4,2
2568,5,1,3,4,3
2569,5,1,3,4,4
2570,5,1,3,4,5
2571,5,1,3,5,1
2572,5,1,3,5,2
2573,5,1,3,5,3
2574,5,1,3,5,4
2575,5,1,3,5,5
2576,5,1,4,1,1
2577,5,1,4,1,2
2578,5,1,4,1,3
2579,5,1,4,1,4
2580,5,1,4,1,5
2581,5,1,4,2,1
2582,5,1,4,2,2
2583,5,1,4,2,3
2584,5,1,4,2,4
2585,5,1,4,2,5
2586,5,1,4,3,1
2587,5,1,4,3,2
2588,5,1,4,3,3
2589,5,1,4,3,4
2590,5,1,4,3,5
2591,5,1,4,4,1
2592,5,1,4,4,2
2593,5,1,4,4,3
2594,5,1,4,4,4
2595,5,1,4,4,5
2596,5,1,4,5,1
2597,5,1,4,5,2
2598,5,1,4,5,3
2599,5,1,4,5,4
2600,5,1,4,5,5
2601,5,1,5,1,1
2602,5,1,5,1,2
2603,5,1,5,1,3
2604,5,1,5,1,4
2605,5,1,5,1,5
2606,5,1,5,2,1
2607,5,1,5,2,2
2608,5,1,5,2,3
2609,5,1,5,2,4
2610,5,1,5,2,5
2611,5,1,5,3,1
2612,5,1,5,3,2
2613,5,1,5,3,3
2614,5,1,5,3,4
2615,5,1,5,3,5
2616,5,1,5,4,1
2617,5,1,5,4,2
2618,5,1,5,4,3
2619,5,1,5,4,4
2620,5,1,5,4,5
2621,5,1,5,5,1
2622,5,1,5,5,2
2623,5,1,5,5,3
2624,5,1,5,5,4
2625,5,1,5,5,5
2626,5,2,1,1,1
2627,5,2,1,1,2
2628,5,2,1,1,3
2629,5,2,1,1,4
2630,5,2,1,1,5
2631,5,2,1,2,1
2632,5,2,1,2,2
2633,5,2,1,2,3
2634,5,2,1,2,4
2635,5,2,1,2,5
2636,5,2,1,3,1
2637,5,2,1,3,2
2638,5,2,1,3,3
2639,5,2,1,3,4
2640,5,2,1,3,5
2641,5,2,1,4,1
2642,5,2,1,4,2
2643,5,2,1,4,3
2644,5,2,1,4,4
2645,5,2,1,4,5
2646,5,2,1,5,1
2647,5,2,1,5,2
2648,5,2,1,5,3
2649,5,2,1,5,4
2650,5,2,1,5,5
2651,5,2,2,1,1
2652,5,2,2,1,2
2653,5,2,2,1,3
2654,5,2,2,1,4
2655,5,2,2,1,5
2656,5,2,2,2,1
2657,5,2,2,2,2
2658,5,2,2,2,3
2659,5,2,2,2,4
2660,5,2,2,2,5
2661,5,2,2,3,1
2662,5,2,2,3,2
2663,5,2,2,3,3
2664,5,2,2,3,4
2665,5,2,2,3,5
2666,5,2,2,4,1
2667,5,2,2,4,2
2668,5,2,2,4,3
2669,5,2,2,4,4
2670,5,2,2,4,5
2671,5,2,2,5,1
2672,5,2,2,5,2
2673,5,2,2,5,3
2674,5,2,2,5,4
2675,5,2,2,5,5
2676,5,2,3,1,1
2677,5,2,3,1,2
2678,5,2,3,1,3
2679,5,2,3,1,4
2680,5,2,3,1,5
2681,5,2,3,2,1
2682,5,2,3,2,2
2683,5,2,3,2,3
2684,5,2,3,2,4
2685,5,2,3,2,5
2686,5,2,3,3,1
2687,5,2,3,3,2
2688,5,2,3,3,3
2689,5,2,3,3,4
2690,5,2,3,3,5
2691,5,2,3,4,1
2692,5,2,3,4,2
2693,5,2,3,4,3
2694,5,2,3,4,4
2695,5,2,3,4,5
2696,5,2,3,5,1
2697,5,2,3,5,2
2698,5,2,3,5,3
2699,5,2,3,5,4
2700,5,2,3,5,5
2701,5,2,4,1,1
2702,5,2,4,1,2
2703,5,2,4,1,3
2704,5,2,4,1,4
2705,5,2,4,1,5
2706,5,2,4,2,1
2707,5,2,4,2,2
2708,5,2,4,2,3
2709,5,2,4,2,4
2710,5,2,4,2,5
2711,5,2,4,3,1
2712,5,2,4,3,2
2713,5,2,4,3,3
2714,5,2,4,3,4
2715,5,2,4,3,5
2716,5,2,4,4,1
2717,5,2,4,4,2
2718,5,2,4,4,3
2719,5,2,4,4,4
2720,5,2,4,4,5
2721,5,2,4,5,1
2722,5,2,4,5,2
2723,5,2,4,5,3
2724,5,2,4,5,4
2725,5,2,4,5,5
2726,5,2,5,1,1
2727,5,2,5,1,2
2728,5,2,5,1,3
2729,5,2,5,1,4
2730,5,2,5,1,5
2731,5,2,5,2,1
2732,5,2,5,2,2
2733,5,2,5,2,3
2734,5,2,5,2,4
2735,5,2,5,2,5
2736,5,2,5,3,1
2737,5,2,5,3,2
2738,5,2,5,3,3
2739,5,2,5,3,4
2740,5,2,5,3,5
2741,5,2,5,4,1
2742,5,2,5,4,2
2743,5,2,5,4,3
2744,5,2,5,4,4
2745,5,2,5,4,5
2746,5,2,5,5,1
2747,5,2,5,5,2
2748,5,2,5,5,3
2749,5,2,5,5,4
2750,5,2,5,5,5
2751,5,3,1,1,1
2752,5,3,1,1,2
2753,5,3,1,1,3
2754,5,3,1,1,4
2755,5,3,1,1,5
2756,5,3,1,2,1
2757,5,3,1,2,2
2758,5,3,1,2,3
2759,5,3,1,2,4
2760,5,3,1,2,5
2761,5,3,1,3,1
2762,5,3,1,3,2
2763,5,3,1,3,3
2764,5,3,1,3,4
2765,5,3,1,3,5
2766,5,3,1,4,1
2767,5,3,1,4,2
2768,5,3,1,4,3
2769,5,3,1,4,4
2770,5,3,1,4,5
2771,5,3,1,5,1
2772,5,3,1,5,2
2773,5,3,1,5,3
2774,5,3,1,5,4
2775,5,3,1,5,5
2776,5,3,2,1,1
2777,5,3,2,1,2
2778,5,3,2,1,3
2779,5,3,2,1,4
2780,5,3,2,1,5
2781,5,3,2,2,1
2782,5,3,2,2,2
2783,5,3,2,2,3
2784,5,3,2,2,4
2785,5,3,2,2,5
2786,5,3,2,3,1
2787,5,3,2,3,2
2788,5,3,2,3,3
2789,5,3,2,3,4
2790,5,3,2,3,5
2791,5,3,2,4,1
2792,5,3,2,4,2
2793,5,3,2,4,3
2794,5,3,2,4,4
2795,5,3,2,4,5
2796,5,3,2,5,1
2797,5,3,2,5,2
2798,5,3,2,5,3
2799,5,3,2,5,4
2800,5,3,2,5,5
2801,5,3,3,1,1
2802,5,3,3,1,2
2803,5,3,3,1,3
2804,5,3,3,1,4
2805,5,3,3,1,5
2806,5,3,3,2,1
2807,5,3,3,2,2
2808,5,3,3,2,3
2809,5,3,3,2,4
2810,5,3,3,2,5
2811,5,3,3,3,1
2812,5,3,3,3,2
2813,5,3,3,3,3
2814,5,3,3,3,4
2815,5,3,3,3,5
2816,5,3,3,4,1
2817,5,3,3,4,2
2818,5,3,3,4,3
2819,5,3,3,4,4
2820,5,3,3,4,5
2821,5,3,3,5,1
2822,5,3,3,5,2
2823,5,3,3,5,3
2824,5,3,3,5,4
2825,5,3,3,5,5
2826,5,3,4,1,1
2827,5,3,4,1,2
2828,5,3,4,1,3
2829,5,3,4,1,4
2830,5,3,4,1,5
2831,5,3,4,2,1
2832,5,3,4,2,2
2833,5,3,4,2,3
2834,5,3,4,2,4
2835,5,3,4,2,5
2836,5,3,4,3,1
2837,5,3,4,3,2
2838,5,3,4,3,3
2839,5,3,4,3,4
2840,5,3,4,3,5
2841,5,3,4,4,1
2842,5,3,4,4,2
2843,5,3,4,4,3
2844,5,3,4,4,4
2845,5,3,4,4,5
2846,5,3,4,5,1
2847,5,3,4,5,2
2848,5,3,4,5,3
2849,5,3,4,5,4
2850,5,3,4,5,5
2851,5,3,5,1,1
2852,5,3,5,1,2
2853,5,3,5,1,3
2854,5,3,5,1,4
2855,5,3,5,1,5
2856,5,3,5,2,1
2857,5,3,5,2,2
2858,5,3,5,2,3
2859,5,3,5,2,4
2860,5,3,5,2,5
2861,5,3,5,3,1
2862,5,3,5,3,2
2863,5,3,5,3,3
2864,5,3,5,3,4
2865,5,3,5,3,5
2866,5,3,5,4,1
2867,5,3,5,4,2
2868,5,3,5,4,3
2869,5,3,5,4,4
2870,5,3,5,4,5
2871,5,3,5,5,1
2872,5,3,5,5,2
2873,5,3,5,5,3
2874,5,3,5,5,4
2875,5,3,5,5,5
2876,5,4,1,1,1
2877,5,4,1,1,2
2878,5,4,1,1,3
2879,5,4,1,1,4
2880,5,4,1,1,5
2881,5,4,1,2,1
2882,5,4,1,2,2
2883,5,4,1,2,3
2884,5,4,1,2,4
2885,5,4,1,2,5
2886,5,4,1,3,1
2887,5,4,1,3,2
2888,5,4,1,3,3
2889,5,4,1,3,4
2890,5,4,1,3,5
2891,5,4,1,4,1
2892,5,4,1,4,2
2893,5,4,1,4,3
2894,5,4,1,4,4
2895,5,4,1,4,5
2896,5,4,1,5,1
2897,5,4,1,5,2
2898,5,4,1,5,3
2899,5,4,1,5,4
2900,5,4,1,5,5
2901,5,4,2,1,1
2902,5,4,2,1,2
2903,5,4,2,1,3
2904,5,4,2,1,4
2905,5,4,2,1,5
2906,5,4,2,2,1
2907,5,4,2,2,2
2908,5,4,2,2,3
2909,5,4,2,2,4
2910,5,4,2,2,5
2911,5,4,2,3,1
2912,5,4,2,3,2
2913,5,4,2,3,3
2914,5,4,2,3,4
2915,5,4,2,3,5
2916,5,4,2,4,1
2917,5,4,2,4,2
2918,5,4,2,4,3
2919,5,4,2,4,4
2920,5,4,2,4,5
2921,5,4,2,5,1
2922,5,4,2,5,2
2923,5,4,2,5,3
2924,5,4,2,5,4
2925,5,4,2,5,5
2926,5,4,3,1,1
2927,5,4,3,1,2
2928,5,4,3,1,3
2929,5,4,3,1,4
2930,5,4,3,1,5
2931,5,4,3,2,1
2932,5,4,3,2,2
2933,5,4,3,2,3
2934,5,4,3,2,4
2935,5,4,3,2,5
2936,5,4,3,3,1
2937,5,4,3,3,2
2938,5,4,3,3,3
2939,5,4,3,3,4
2940,5,4,3,3,5
2941,5,4,3,4,1
2942,5,4,3,4,2
2943,5,4,3,4,3
2944,5,4,3,4,4
2945,5,4,3,4,5
2946,5,4,3,5,1
2947,5,4,3,5,2
2948,5,4,3,5,3
2949,5,4,3,5,4
2950,5,4,3,5,5
2951,5,4,4,1,1
2952,5,4,4,1,2
2953,5,4,4,1,3
2954,5,4,4,1,4
2955,5,4,4,1,5
2956,5,4,4,2,1
2957,5,4,4,2,2
2958,5,4,4,2,3
2959,5,4,4,2,4
2960,5,4,4,2,5
2961,5,4,4,3,1
2962,5,4,4,3,2
2963,5,4,4,3,3
2964,5,4,4,3,4
2965,5,4,4,3,5
2966,5,4,4,4,1
2967,5,4,4,4,2
2968,5,4,4,4,3
2969,5,4,4,4,4
2970,5,4,4,4,5
2971,5,4,4,5,1
2972,5,4,4,5,2
2973,5,4,4,5,3
2974,5,4,4,5,4
2975,5,4,4,5,5
2976,5,4,5,1,1
2977,5,4,5,1,2
2978,5,4,5,1,3
2979,5,4,5,1,4
2980,5,4,5,1,5
2981,5,4,5,2,1
2982,5,4,5,2,2
2983,5,4,5,2,3
2984,5,4,5,2,4
2985,5,4,5,2,5
2986,5,4,5,3,1
2987,5,4,5,3,2
2988,5,4,5,3,3
2989,5,4,5,3,4
2990,5,4,5,3,5
2991,5,4,5,4,1
2992,5,4,5,4,2
2993,5,4,5,4,3
2994,5,4,5,4,4
2995,5,4,5,4,5
2996,5,4,5,5,1
2997,5,4,5,5,2
2998,5,4,5,5,3
2999,5,4,5,5,4
3000,5,4,5,5,5
3001,5,5,1,1,1
3002,5,5,1,1,2
3003,5,5,1,1,3
3004,5,5,1,1,4
3005,5,5,1,1,5
3006,5,5,1,2,1
3007,5,5,1,2,2
3008,5,5,1,2,3
3009,5,5,1,2,4
3010,5,5,1,2,5
3011,5,5,1,3,1
3012,5,5,1,3,2
3013,5,5,1,3,3
3014,5,5,1,3,4
3015,5,5,1,3,5
3016,5,5,1,4,1
3017,5,5,1,4,2
3018,5,5,1,4,3
3019,5,5,1,4,4
3020,5,5,1,4,5
3021,5,5,1,5,1
3022,5,5,1,5,2
3023,5,5,1,5,3
3024,5,5,1,5,4
3025,5,5,1,5,5
3026,5,5,2,1,1
3027,5,5,2,1,2
3028,5,5,2,1,3
3029,5,5,2,1,4
3030,5,5,2,1,5
3031,5,5,2,2,1
3032,5,5,2,2,2
3033,5,5,2,2,3
3034,5,5,2,2,4
3035,5,5,2,2,5
3036,5,5,2,3,1
3037,5,5,2,3,2
3038,5,5,2,3,3
3039,5,5,2,3,4
3040,5,5,2,3,5
3041,5,5,2,4,1
3042,5,5,2,4,2
3043,5,5,2,4,3
3044,5,5,2,4,4
3045,5,5,2,4,5
3046,5,5,2,5,1
3047,5,5,2,5,2
3048,5,5,2,5,3
3049,5,5,2,5,4
3050,5,5,2,5,5
3051,5,5,3,1,1
3052,5,5,3,1,2
3053,5,5,3,1,3
3054,5,5,3,1,4
3055,5,5,3,1,5
3056,5,5,3,2,1
3057,5,5,3,2,2
3058,5,5,3,2,3
3059,5,5,3,2,4
3060,5,5,3,2,5
3061,5,5,3,3,1
3062,5,5,3,3,2
3063,5,5,3,3,3
3064,5,5,3,3,4
3065,5,5,3,3,5
3066,5,5,3,4,1
3067,5,5,3,4,2
3068,5,5,3,4,3
3069,5,5,3,4,4
3070,5,5,3,4,5
3071,5,5,3,5,1
3072,5,5,3,5,2
3073,5,5,3,5,3
3074,5,5,3,5,4
3075,5,5,3,5,5
3076,5,5,4,1,1
3077,5,5,4,1,2
3078,5,5,4,1,3
3079,5,5,4,1,4
3080,5,5,4,1,5
3081,5,5,4,2,1
3082,5,5,4,2,2
3083,5,5,4,2,3
3084,5,5,4,2,4
3085,5,5,4,2,5
3086,5,5,4,3,1
3087,5,5,4,3,2
3088,5,5,4,3,3
3089,5,5,4,3,4
3090,5,5,4,3,5
3091,5,5,4,4,1
3092,5,5,4,4,2
3093,5,5,4,4,3
3094,5,5,4,4,4
3095,5,5,4,4,5
3096,5,5,4,5,1
3097,5,5,4,5,2
3098,5,5,4,5,3
3099,5,5,4,5,4
3100,5,5,4,5,5
3101,5,5,5,1,1
3102,5,5,5,1,2
3103,5,5,5,1,3
3104,5,5,5,1,4
3105,5,5,5,1,5
3106,5,5,5,2,1
3107,5,5,5,2,2
3108,5,5,5,2,3
3109,5,5,5,2,4
3110,5,5,5,2,5
3111,5,5,5,3,1
3112,5,5,5,3,2
3113,5,5,5,3,3
3114,5,5,5,3,4
3115,5,5,5,3,5
3116,5,5,5,4,1
3117,5,5,5,4,2
3118,5,5,5,4,3
3119,5,5,5,4,4
3120,5,5,5,4,5
3121,5,5,5,5,1
3122,5,5,5,5,2
3123,5,5,5,5,3
3124,5,5,5,5,4
3125,5,5,5,5,5