id,g1,g3,source_line,difference
1,5,6,2,1
2,5,6,3,1
3,7,10,4,3
4,15,15,5,0
5,6,10,6,4
6,15,15,7,0
7,12,11,8,-1
8,6,6,9,0
9,16,19,10,3
10,14,15,11,1
11,10,9,12,-1
12,10,12,13,2
13,14,14,14,0
14,10,11,15,1
15,14,16,16,2
16,14,14,17,0
17,13,14,18,1
18,8,10,19,2
19,6,5,20,-1
20,8,10,21,2
21,13,15,22,2
22,12,15,23,3
23,15,16,24,1
24,13,12,25,-1
25,10,8,26,-2
26,6,8,27,2
27,12,11,28,-1
28,15,15,29,0
29,11,11,30,0
30,10,11,31,1
31,9,12,32,3
32,17,17,33,0
33,17,16,34,-1
34,8,12,35,4
35,12,15,36,3
36,8,6,37,-2
37,15,18,38,3
38,15,15,39,0
39,12,11,40,-1
40,14,13,41,-1
41,7,11,42,4
42,12,12,43,0
43,19,18,44,-1
44,8,11,45,3
45,10,9,46,-1
46,8,6,47,-2
47,11,11,48,0
48,19,20,49,1
49,15,14,50,-1
50,7,7,51,0
51,12,13,52,1
52,11,13,53,2
53,11,10,54,-1
54,8,11,55,3
55,10,13,56,3
56,8,10,57,2
57,14,15,58,1
58,14,15,59,1
59,9,9,60,0
60,15,16,61,1
61,10,11,62,1
62,10,11,63,1
63,8,9,64,1
64,10,9,65,-1
65,10,10,66,0
66,16,15,67,-1
67,13,12,68,-1
68,7,6,69,-1
69,8,8,70,0
70,16,16,71,0
71,13,15,72,2
72,10,10,73,0
73,8,5,74,-3
74,12,14,75,2
75,11,11,76,0
76,9,10,77,1
77,11,10,78,-1
78,11,11,79,0
79,8,10,80,2
80,5,5,81,0
81,10,12,82,2
82,11,11,83,0
83,7,6,84,-1
84,15,15,85,0
85,9,10,86,1
86,7,8,87,1
87,8,6,88,-2
88,13,14,89,1
89,11,10,90,-1
90,8,7,91,-1
91,7,8,92,1
92,16,18,93,2
93,7,6,94,-1
94,11,10,95,-1
95,11,14,96,3
96,7,10,97,3
97,11,15,98,4
98,8,10,99,2
99,11,14,100,3
100,7,8,101,1
101,7,5,102,-2
102,16,17,103,1
103,10,14,104,4
104,7,6,105,-1
105,16,18,106,2
106,10,11,107,1
107,7,8,108,1
108,16,18,109,2
109,10,13,110,3
110,14,16,111,2
111,18,19,112,1
112,7,10,113,3
113,10,13,114,3
114,18,19,115,1
115,9,9,116,0
116,15,16,117,1
117,11,14,118,3
118,13,13,119,0
119,9,8,120,-1
120,14,13,121,-1
121,16,15,122,-1
122,16,15,123,-1
123,13,13,124,0
124,14,13,125,-1
125,8,8,126,0
126,13,12,127,-1
127,7,11,128,4
128,7,9,129,2
129,7,0,130,-7
130,18,18,131,0
131,12,0,132,-12
132,8,0,133,-8
133,10,12,134,2
134,12,11,135,-1
135,9,0,136,-9
136,11,0,137,-11
137,10,0,138,-10
138,4,0,139,-4
139,14,12,140,-2
140,16,15,141,-1
141,7,0,142,-7
142,9,9,143,0
143,9,11,144,2
144,14,13,145,-1
145,5,0,146,-5
146,8,11,147,3
147,6,0,148,-6
148,10,11,149,1
149,7,0,150,-7
150,8,10,151,2
151,6,0,152,-6
152,12,14,153,2
153,10,10,154,0
154,5,0,155,-5
155,11,12,156,1
156,11,8,157,-3
157,16,13,158,-3
158,9,10,159,1
159,17,15,160,-2
160,10,12,161,2
161,7,0,162,-7
162,5,7,163,2
163,7,0,164,-7
164,10,10,165,0
165,5,7,166,2
166,12,12,167,0
167,10,10,168,0
168,14,16,169,2
169,6,0,170,-6
170,14,14,171,0
171,6,0,172,-6
172,13,16,173,3
173,13,10,174,-3
174,8,0,175,-8
175,10,9,176,-1
176,10,9,177,-1
177,13,11,178,-2
178,6,6,179,0
179,10,9,180,-1
180,10,11,181,1
181,9,8,182,-1
182,12,12,183,0
183,16,17,184,1
184,9,8,185,-1
185,12,12,186,0
186,12,11,187,-1
187,11,11,188,0
188,15,15,189,0
189,8,9,190,1
190,8,10,191,2
191,11,13,192,2
192,8,9,193,1
193,7,8,194,1
194,8,10,195,2
195,13,14,196,1
196,14,15,197,1
197,17,16,198,-1
198,9,10,199,1
199,18,18,200,0
200,9,10,201,1
201,16,16,202,0
202,8,10,203,2
203,9,10,204,1
204,7,6,205,-1
205,10,11,206,1
206,10,9,207,-1
207,7,7,208,0
208,11,13,209,2
209,9,10,210,1
210,7,7,211,0
211,8,8,212,0
212,12,13,213,1
213,12,14,214,2
214,6,8,215,2
215,8,10,216,2
216,14,15,217,1
217,6,4,218,-2
218,6,8,219,2
219,7,8,220,1
220,9,10,221,1
221,6,6,222,0
222,6,0,223,-6
223,16,17,224,1
224,12,13,225,1
225,13,14,226,1
226,9,7,227,-2
227,16,15,228,-1
228,12,12,229,0
229,10,9,230,-1
230,12,12,231,0
231,13,14,232,1
232,11,11,233,0
233,11,9,234,-2
234,14,13,235,-1
235,9,6,236,-3
236,11,10,237,-1
237,14,13,238,-1
238,13,12,239,-1
239,13,11,240,-2
240,7,0,241,-7
241,12,12,242,0
242,10,12,243,2
243,6,0,244,-6
244,13,12,245,-1
245,7,0,246,-7
246,18,18,247,0
247,12,13,248,1
248,6,8,249,2
249,3,5,250,2
250,13,15,251,2
251,6,8,252,2
252,7,10,253,3
253,6,8,254,2
254,8,8,255,0
255,8,12,256,4
256,7,8,257,1
257,14,13,258,-1
258,11,11,259,0
259,15,14,260,-1
260,10,0,261,-10
261,17,18,262,1
262,8,8,263,0
263,13,12,264,-1
264,10,9,265,-1
265,9,0,266,-9
266,17,17,267,0
267,9,10,268,1
268,12,11,269,-1
269,10,10,270,0
270,6,0,271,-6
271,9,9,272,0
272,15,14,273,-1
273,11,11,274,0
274,15,14,275,-1
275,10,10,276,0
276,12,12,277,0
277,10,9,278,-1
278,9,9,279,0
279,9,8,280,-1
280,10,10,281,0
281,8,8,282,0
282,11,10,283,-1
283,12,12,284,0
284,8,10,285,2
285,10,11,286,1
286,12,11,287,-1
287,18,19,288,1
288,13,12,289,-1
289,15,14,290,-1
290,15,15,291,0
291,12,11,292,-1
292,15,15,293,0
293,12,13,294,1
294,18,18,295,0
295,14,14,296,0
296,14,11,297,-3
297,10,0,298,-10
298,10,8,299,-2
299,14,14,300,0
300,16,16,301,0
301,12,11,302,-1
302,11,10,303,-1
303,15,14,304,-1
304,17,18,305,1
305,15,13,306,-2
306,14,12,307,-2
307,17,18,308,1
308,8,8,309,0
309,15,12,310,-3
310,12,10,311,-2
311,9,0,312,-9
312,14,13,313,-1
313,13,11,314,-2
314,13,11,315,-2
315,15,13,316,-2
316,13,11,317,-2
317,8,0,318,-8
318,9,9,319,0
319,11,10,320,-1
320,11,11,321,0
321,13,13,322,0
322,11,9,323,-2
323,11,11,324,0
324,12,15,325,3
325,16,15,326,-1
326,9,11,327,2
327,14,16,328,2
328,11,10,329,-1
329,10,9,330,-1
330,14,14,331,0
331,9,8,332,-1
332,12,14,333,2
333,7,0,334,-7
334,8,0,335,-8
335,10,0,336,-10
336,16,15,337,-1
337,14,13,338,-1
338,7,0,339,-7
339,16,17,340,1
340,9,10,341,1
341,11,11,342,0
342,10,0,343,-10
343,16,15,344,-1
344,9,0,345,-9
345,11,10,346,-1
346,13,14,347,1
347,16,16,348,0
348,10,9,349,-1
349,13,15,350,2
350,11,13,351,2
351,8,8,352,0
352,13,13,353,0
353,8,8,354,0
354,8,8,355,0
355,13,11,356,-2
356,10,9,357,-1
357,12,13,358,1
358,12,11,359,-1
359,10,10,360,0
360,18,16,361,-2
361,13,13,362,0
362,13,12,363,-1
363,11,10,364,-1
364,16,15,365,-1
365,12,12,366,0
366,10,10,367,0
367,13,13,368,0
368,7,0,369,-7
369,11,10,370,-1
370,14,11,371,-3
371,7,9,372,2
372,14,12,373,-2
373,13,11,374,-2
374,6,5,375,-1
375,19,19,376,0
376,8,10,377,2
377,15,15,378,0
378,8,10,379,2
379,15,15,380,0
380,10,10,381,0
381,15,14,382,-1
382,7,7,383,0
383,11,10,384,-1
384,6,0,385,-6
385,6,5,386,-1
386,10,10,387,0
387,6,6,388,0
388,7,0,389,-7
389,7,8,390,1
390,6,0,391,-6
391,9,9,392,0
392,14,16,393,2
393,10,7,394,-3
394,11,10,395,-1
395,8,9,396,1