tekrar,basari
1,18
2,21
3,22
4,19
5,16
6,23
7,21
8,19
9,19
10,19
11,21
12,20
13,26
14,26
15,24
16,26
17,23
18,23
19,19
20,21
21,24
22,17
23,23
24,18
25,20
26,22
27,24
28,25
29,21
30,15
31,19
32,20
33,24
34,16
35,19
36,18
37,16
38,22
39,17
40,22
41,24
42,17
43,22
44,20
45,17
46,22
47,19
48,24
49,22
50,17
51,18
52,16
53,12
54,20
55,15
56,23
57,20
58,16
59,22
60,25
61,20
62,14
63,19
64,22
65,21
66,18
67,13
68,18
69,19
70,21
71,21
72,21
73,20
74,20
75,21
76,19
77,17
78,24
79,16
80,18
81,22
82,26
83,20
84,22
85,20
86,24
87,18
88,22
89,28
90,21
91,25
92,20
93,21
94,22
95,17
96,23
97,20
98,19
99,20
100,23
101,18
102,20
103,21
104,23
105,22
106,23
107,23
108,24
109,24
110,26
111,22
112,26
113,19
114,20
115,21
116,17
117,17
118,22
119,21
120,21
121,28
122,22
123,23
124,19
125,20
126,11
127,21
128,20
129,13
130,19
131,21
132,20
133,12
134,24
135,25
136,20
137,19
138,20
139,22
140,17
141,19
142,16
143,17
144,23
145,25
146,18
147,17
148,14
149,19
150,16
151,17
152,26
153,17
154,22
155,17
156,17
157,16
158,19
159,17
160,12
161,25
162,20
163,18
164,28
165,24
166,17
167,25
168,23
169,21
170,22
171,17
172,16
173,17
174,14
175,22
176,22
177,18
178,25
179,17
180,25
181,24
182,17
183,20
184,23
185,22
186,20
187,15
188,20
189,24
190,21
191,30
192,20
193,20
194,23
195,13
196,20
197,19
198,26
199,18
200,22
201,24
202,18
203,17
204,17
205,14
206,21
207,23
208,21
209,22
210,25
211,17
212,21
213,20
214,17
215,17
216,18
217,24
218,23
219,12
220,20
221,15
222,20
223,21
224,19
225,22
226,20
227,22
228,20
229,18
230,18
231,15
232,30
233,15
234,22
235,26
236,18
237,18
238,17
239,21
240,24
241,26
242,24
243,15
244,20
245,23
246,18
247,18
248,25
249,22
250,21
251,25
252,17
253,15
254,12
255,17
256,22
257,19
258,19
259,18
260,22
261,20
262,21
263,20
264,19
265,21
266,21
267,25
268,18
269,19
270,20
271,13
272,23
273,18
274,25
275,26
276,24
277,20
278,23
279,26
280,21
281,16
282,21
283,23
284,18
285,18
286,18
287,16
288,10
289,24
290,19
291,18
292,11
293,21
294,18
295,23
296,19
297,18
298,16
299,19
300,17
301,25
302,22
303,20
304,20
305,25
306,19
307,18
308,17
309,16
310,21
311,21
312,20
313,13
314,18
315,16
316,15
317,21
318,20
319,26
320,15
321,17
322,15
323,20
324,21
325,18
326,23
327,15
328,16
329,21
330,17
331,19
332,17
333,20
334,16
335,22
336,23
337,23
338,24
339,14
340,17
341,24
342,19
343,16
344,19
345,21
346,14
347,22
348,18
349,18
350,18
351,24
352,18
353,25
354,15
355,19
356,23
357,17
358,23
359,23
360,22
361,16
362,18
363,20
364,24
365,20
366,15
367,21
368,25
369,21
370,20
371,20
372,21
373,20
374,21
375,20
376,13
377,21
378,19
379,22
380,19
381,24
382,22
383,19
384,20
385,20
386,22
387,23
388,17
389,14
390,18
391,22
392,18
393,24
394,22
395,22
396,16
397,18
398,19
399,24
400,21
401,16
402,22
403,19
404,23
405,17
406,18
407,20
408,29
409,14
410,16
411,17
412,18
413,20
414,23
415,22
416,22
417,21
418,18
419,19
420,25
421,14
422,18
423,18
424,14
425,23
426,22
427,25
428,13
429,24
430,19
431,15
432,23
433,20
434,28
435,19
436,29
437,20
438,23
439,20
440,20
441,23
442,18
443,19
444,17
445,19
446,18
447,21
448,28
449,12
450,17
451,18
452,19
453,18
454,27
455,15
456,21
457,18
458,17
459,15
460,21
461,22
462,18
463,22
464,20
465,22
466,19
467,18
468,21
469,13
470,20
471,17
472,25
473,21
474,16
475,17
476,17
477,12
478,21
479,28
480,17
481,22
482,19
483,19
484,22
485,19
486,19
487,17
488,17
489,19
490,15
491,16
492,19
493,18
494,18
495,22
496,18
497,16
498,22
499,16
500,18
501,22
502,18
503,31
504,23
505,16
506,21
507,13
508,21
509,20
510,24
511,20
512,23
513,17
514,15
515,23
516,24
517,22
518,16
519,16
520,22
521,19
522,20
523,15
524,19
525,20
526,20
527,28
528,25
529,22
530,19
531,24
532,19
533,24
534,15
535,21
536,19
537,18
538,20
539,22
540,19
541,19
542,23
543,16
544,18
545,17
546,18
547,18
548,22
549,20
550,18
551,18
552,14
553,25
554,25
555,25
556,18
557,24
558,21
559,22
560,24
561,22
562,20
563,18
564,18
565,18
566,21
567,19
568,16
569,15
570,21
571,20
572,20
573,18
574,18
575,20
576,27
577,19
578,20
579,21
580,17
581,16
582,17
583,22
584,20
585,25
586,25
587,19
588,17
589,22
590,20
591,22
592,22
593,21
594,20
595,25
596,23
597,21
598,17
599,20
600,20
601,19
602,15
603,16
604,21
605,17
606,16
607,20
608,18
609,20
610,22
611,23
612,14
613,18
614,19
615,22
616,17
617,23
618,14
619,17
620,20
621,18
622,22
623,15
624,21
625,21
626,17
627,21
628,22
629,15
630,17
631,19
632,20
633,17
634,22
635,23
636,19
637,17
638,23
639,26
640,17
641,21
642,17
643,20
644,17
645,16
646,16
647,19
648,23
649,17
650,16
651,21
652,20
653,21
654,15
655,18
656,21
657,21
658,22
659,19
660,14
661,30
662,24
663,21
664,17
665,22
666,23
667,22
668,23
669,22
670,18
671,20
672,21
673,17
674,21
675,20
676,25
677,14
678,15
679,19
680,21
681,25
682,21
683,17
684,15
685,28
686,18
687,21
688,17
689,14
690,23
691,22
692,16
693,21
694,23
695,19
696,21
697,25
698,26
699,19
700,24
701,24
702,20
703,18
704,25
705,18
706,22
707,15
708,20
709,24
710,15
711,15
712,20
713,22
714,14
715,21
716,26
717,15
718,21
719,29
720,17
721,21
722,18
723,22
724,17
725,20
726,15
727,25
728,16
729,21
730,26
731,16
732,17
733,18
734,17
735,15
736,19
737,15
738,22
739,20
740,18
741,13
742,21
743,17
744,22
745,15
746,15
747,23
748,18
749,25
750,19
751,24
752,17
753,18
754,24
755,20
756,17
757,25
758,11
759,20
760,23
761,17
762,19
763,23
764,19
765,19
766,24
767,18
768,19
769,21
770,21
771,17
772,27
773,15
774,17
775,22
776,23
777,15
778,24
779,20
780,19
781,21
782,19
783,21
784,17
785,17
786,23
787,15
788,20
789,19
790,20
791,21
792,22
793,21
794,23
795,18
796,22
797,25
798,24
799,19
800,17
801,22
802,22
803,20
804,25
805,21
806,22
807,21
808,23
809,17
810,23
811,16
812,19
813,23
814,20
815,19
816,15
817,18
818,19
819,16
820,15
821,18
822,20
823,18
824,17
825,16
826,25
827,18
828,21
829,21
830,19
831,19
832,23
833,21
834,22
835,21
836,21
837,15
838,21
839,18
840,21
841,18
842,20
843,12
844,21
845,24
846,15
847,27
848,22
849,23
850,17
851,16
852,17
853,25
854,23
855,22
856,15
857,20
858,23
859,15
860,19
861,11
862,24
863,22
864,20
865,20
866,18
867,25
868,15
869,27
870,22
871,19
872,22
873,25
874,18
875,17
876,20
877,17
878,21
879,20
880,20
881,18
882,20
883,13
884,21
885,20
886,16
887,15
888,24
889,27
890,17
891,13
892,20
893,20
894,20
895,20
896,14
897,23
898,22
899,25
900,21
901,19
902,17
903,16
904,18
905,17
906,16
907,23
908,21
909,16
910,17
911,22
912,20
913,22
914,18
915,17
916,22
917,20
918,27
919,14
920,22
921,22
922,15
923,14
924,18
925,22
926,18
927,29
928,22
929,17
930,19
931,14
932,25
933,19
934,12
935,21
936,17
937,16
938,22
939,20
940,27
941,22
942,25
943,18
944,24
945,14
946,22
947,23
948,16
949,21
950,19
951,22
952,20
953,18
954,27
955,14
956,23
957,24
958,18
959,15
960,18
961,22
962,24
963,24
964,17
965,23
966,21
967,18
968,19
969,19
970,22
971,22
972,18
973,15
974,20
975,20
976,23
977,22
978,21
979,14
980,22
981,26
982,27
983,17
984,21
985,26
986,20
987,19
988,21
989,22
990,21
991,20
992,22
993,23
994,22
995,19
996,15
997,19
998,20
999,14
1000,27
1001,20
1002,18
1003,16
1004,18
1005,15
1006,13
1007,28
1008,19
1009,18
1010,21
1011,27
1012,17
1013,18
1014,25
1015,21
1016,21
1017,21
1018,18
1019,21
1020,17
1021,15
1022,18
1023,23
1024,15
1025,23
1026,17
1027,16
1028,23
1029,21
1030,23
1031,21
1032,17
1033,29
1034,29
1035,18
1036,22
1037,23
1038,23
1039,20
1040,18
1041,19
1042,17
1043,22
1044,20
1045,21
1046,20
1047,24
1048,22
1049,22
1050,17
1051,16
1052,18
1053,14
1054,18
1055,21
1056,23
1057,24
1058,16
1059,20
1060,25
1061,21
1062,25
1063,24
1064,17
1065,23
1066,18
1067,20
1068,20
1069,14
1070,20
1071,19
1072,19
1073,23
1074,17
1075,22
1076,25
1077,14
1078,29
1079,25
1080,21
1081,22
1082,21
1083,14
1084,18
1085,18
1086,26
1087,18
1088,19
1089,21
1090,18
1091,27
1092,20
1093,22
1094,13
1095,15
1096,17
1097,18
1098,19
1099,22
1100,20
1101,19
1102,18
1103,24
1104,22
1105,23
1106,16
1107,20
1108,19
1109,21
1110,23
1111,22
1112,21
1113,17
1114,17
1115,16
1116,17
1117,23
1118,19
1119,21
1120,22
1121,21
1122,19
1123,18
1124,19
1125,13
1126,19
1127,18
1128,23
1129,25
1130,19
1131,18
1132,19
1133,17
1134,16
1135,18
1136,22
1137,22
1138,24
1139,20
1140,20
1141,17
1142,25
1143,21
1144,27
1145,24
1146,19
1147,17
1148,16
1149,22
1150,20
1151,16
1152,23
1153,21
1154,17
1155,23
1156,24
1157,20
1158,22
1159,21
1160,19
1161,21
1162,21
1163,15
1164,26
1165,18
1166,21
1167,21
1168,20
1169,19
1170,16
1171,20
1172,18
1173,23
1174,22
1175,19
1176,21
1177,22
1178,21
1179,25
1180,20
1181,19
1182,22
1183,22
1184,25
1185,24
1186,23
1187,15
1188,19
1189,23
1190,15
1191,10
1192,16
1193,25
1194,20
1195,14
1196,20
1197,15
1198,26
1199,18
1200,20
1201,16
1202,21
1203,21
1204,24
1205,20
1206,25
1207,26
1208,24
1209,25
1210,16
1211,26
1212,17
1213,19
1214,17
1215,21
1216,23
1217,14
1218,19
1219,16
1220,13
1221,21
1222,16
1223,19
1224,15
1225,19
1226,21
1227,22
1228,17
1229,20
1230,19
1231,23
1232,20
1233,23
1234,23
1235,15
1236,21
1237,20
1238,14
1239,22
1240,20
1241,19
1242,21
1243,20
1244,28
1245,15
1246,26
1247,16
1248,20
1249,21
1250,16
1251,25
1252,25
1253,22
1254,18
1255,15
1256,22
1257,22
1258,21
1259,15
1260,17
1261,19
1262,26
1263,22
1264,16
1265,19
1266,18
1267,22
1268,23
1269,14
1270,17
1271,18
1272,20
1273,24
1274,16
1275,22
1276,18
1277,17
1278,17
1279,20
1280,15
1281,19
1282,24
1283,23
1284,19
1285,20
1286,19
1287,19
1288,19
1289,16
1290,22
1291,24
1292,15
1293,24
1294,16
1295,24
1296,21
1297,18
1298,24
1299,20
1300,19
1301,16
1302,17
1303,22
1304,16
1305,16
1306,16
1307,15
1308,25
1309,21
1310,19
1311,23
1312,14
1313,19
1314,24
1315,20
1316,25
1317,14
1318,20
1319,18
1320,23
1321,25
1322,22
1323,22
1324,17
1325,19
1326,22
1327,23
1328,24
1329,21
1330,17
1331,20
1332,24
1333,22
1334,14
1335,25
1336,19
1337,18
1338,27
1339,21
1340,15
1341,19
1342,25
1343,21
1344,14
1345,22
1346,19
1347,17
1348,25
1349,22
1350,26
1351,14
1352,21
1353,19
1354,24
1355,22
1356,18
1357,13
1358,20
1359,25
1360,15
1361,15
1362,24
1363,16
1364,16
1365,20
1366,23
1367,18
1368,22
1369,19
1370,18
1371,21
1372,22
1373,15
1374,23
1375,17
1376,22
1377,17
1378,20
1379,26
1380,20
1381,19
1382,21
1383,23
1384,17
1385,16
1386,17
1387,21
1388,23
1389,23
1390,13
1391,16
1392,21
1393,20
1394,30
1395,16
1396,13
1397,17
1398,20
1399,21
1400,17
1401,19
1402,17
1403,22
1404,19
1405,19
1406,22
1407,20
1408,22
1409,21
1410,23
1411,18
1412,20
1413,14
1414,20
1415,15
1416,13
1417,16
1418,14
1419,18
1420,17
1421,17
1422,27
1423,24
1424,24
1425,19
1426,17
1427,21
1428,20
1429,18
1430,18
1431,22
1432,20
1433,28
1434,21
1435,24
1436,17
1437,17
1438,16
1439,15
1440,18
1441,25
1442,20
1443,25
1444,22
1445,23
1446,19
1447,23
1448,23
1449,18
1450,18
1451,23
1452,22
1453,22
1454,26
1455,20
1456,16
1457,21
1458,20
1459,23
1460,18
1461,23
1462,18
1463,23
1464,18
1465,16
1466,22
1467,24
1468,14
1469,19
1470,16
1471,20
1472,21
1473,25
1474,21
1475,18
1476,21
1477,24
1478,23
1479,26
1480,16
1481,19
1482,16
1483,19
1484,20
1485,20
1486,20
1487,24
1488,20
1489,18
1490,16
1491,20
1492,23
1493,25
1494,24
1495,29
1496,19
1497,18
1498,20
1499,19
1500,19
1501,15
1502,19
1503,19
1504,20
1505,19
1506,23
1507,18
1508,21
1509,18
1510,28
1511,22
1512,24
1513,16
1514,26
1515,24
1516,27
1517,24
1518,18
1519,13
1520,17
1521,19
1522,20
1523,22
1524,16
1525,23
1526,18
1527,23
1528,28
1529,16
1530,22
1531,24
1532,18
1533,22
1534,16
1535,25
1536,24
1537,22
1538,19
1539,22
1540,19
1541,23
1542,18
1543,19
1544,17
1545,19
1546,33
1547,23
1548,20
1549,24
1550,20
1551,17
1552,20
1553,19
1554,22
1555,23
1556,18
1557,25
1558,20
1559,16
1560,18
1561,17
1562,18
1563,22
1564,17
1565,24
1566,19
1567,21
1568,17
1569,20
1570,16
1571,12
1572,26
1573,21
1574,15
1575,22
1576,18
1577,21
1578,23
1579,23
1580,19
1581,16
1582,22
1583,21
1584,18
1585,17
1586,18
1587,27
1588,22
1589,17
1590,20
1591,15
1592,16
1593,25
1594,20
1595,19
1596,19
1597,18
1598,18
1599,23
1600,15
1601,20
1602,22
1603,25
1604,22
1605,21
1606,25
1607,17
1608,24
1609,14
1610,25
1611,20
1612,22
1613,14
1614,23
1615,20
1616,19
1617,21
1618,22
1619,24
1620,19
1621,13
1622,22
1623,15
1624,23
1625,18
1626,21
1627,16
1628,16
1629,19
1630,17
1631,25
1632,16
1633,24
1634,15
1635,23
1636,25
1637,20
1638,21
1639,20
1640,18
1641,13
1642,20
1643,23
1644,19
1645,28
1646,19
1647,24
1648,17
1649,15
1650,21
1651,21
1652,17
1653,19
1654,21
1655,18
1656,21
1657,18
1658,18
1659,23
1660,18
1661,18
1662,14
1663,20
1664,18
1665,16
1666,21
1667,21
1668,22
1669,17
1670,12
1671,17
1672,18
1673,26
1674,21
1675,22
1676,19
1677,16
1678,21
1679,19
1680,21
1681,20
1682,20
1683,26
1684,20
1685,16
1686,23
1687,13
1688,22
1689,18
1690,22
1691,21
1692,19
1693,17
1694,20
1695,9
1696,21
1697,19
1698,25
1699,19
1700,21
1701,19
1702,23
1703,23
1704,19
1705,29
1706,18
1707,23
1708,18
1709,22
1710,20
1711,26
1712,22
1713,21
1714,23
1715,18
1716,27
1717,24
1718,15
1719,13
1720,18
1721,16
1722,21
1723,18
1724,20
1725,24
1726,15
1727,26
1728,16
1729,21
1730,22
1731,20
1732,25
1733,20
1734,19
1735,20
1736,22
1737,15
1738,20
1739,21
1740,19
1741,22
1742,23
1743,17
1744,17
1745,21
1746,16
1747,28
1748,20
1749,21
1750,20
1751,24
1752,17
1753,20
1754,28
1755,19
1756,20
1757,23
1758,21
1759,27
1760,20
1761,19
1762,20
1763,24
1764,17
1765,20
1766,19
1767,15
1768,13
1769,18
1770,19
1771,20
1772,21
1773,16
1774,23
1775,17
1776,23
1777,18
1778,13
1779,12
1780,12
1781,21
1782,21
1783,27
1784,16
1785,19
1786,17
1787,22
1788,26
1789,23
1790,20
1791,13
1792,15
1793,15
1794,15
1795,20
1796,16
1797,16
1798,17
1799,18
1800,22
1801,24
1802,21
1803,21
1804,16
1805,19
1806,23
1807,20
1808,19
1809,15
1810,17
1811,20
1812,22
1813,20
1814,24
1815,24
1816,20
1817,21
1818,13
1819,25
1820,23
1821,18
1822,13
1823,18
1824,17
1825,17
1826,22
1827,24
1828,24
1829,13
1830,16
1831,20
1832,18
1833,24
1834,15
1835,18
1836,17
1837,25
1838,24
1839,17
1840,21
1841,23
1842,20
1843,18
1844,20
1845,18
1846,12
1847,24
1848,21
1849,19
1850,15
1851,21
1852,19
1853,18
1854,17
1855,15
1856,25
1857,19
1858,23
1859,24
1860,19
1861,18
1862,17
1863,17
1864,20
1865,19
1866,14
1867,17
1868,20
1869,19
1870,21
1871,15
1872,21
1873,22
1874,25
1875,24
1876,23
1877,20
1878,16
1879,15
1880,28
1881,20
1882,16
1883,26
1884,25
1885,21
1886,20
1887,23
1888,22
1889,24
1890,20
1891,24
1892,22
1893,19
1894,16
1895,20
1896,20
1897,17
1898,19
1899,21
1900,23
1901,20
1902,26
1903,22
1904,24
1905,24
1906,13
1907,26
1908,21
1909,26
1910,21
1911,22
1912,20
1913,17
1914,16
1915,16
1916,17
1917,18
1918,20
1919,17
1920,23
1921,20
1922,20
1923,23
1924,27
1925,18
1926,25
1927,16
1928,20
1929,23
1930,20
1931,18
1932,18
1933,16
1934,20
1935,19
1936,21
1937,19
1938,25
1939,22
1940,13
1941,11
1942,18
1943,19
1944,22
1945,19
1946,22
1947,19
1948,13
1949,20
1950,20
1951,23
1952,17
1953,13
1954,22
1955,26
1956,26
1957,18
1958,18
1959,13
1960,15
1961,24
1962,20
1963,23
1964,18
1965,23
1966,21
1967,19
1968,18
1969,11
1970,15
1971,22
1972,27
1973,16
1974,27
1975,17
1976,19
1977,16
1978,11
1979,22
1980,18
1981,20
1982,18
1983,17
1984,19
1985,27
1986,15
1987,13
1988,15
1989,18
1990,28
1991,15
1992,23
1993,16
1994,21
1995,22
1996,19
1997,19
1998,20
1999,17
2000,17
2001,23
2002,17
2003,21
2004,24
2005,23
2006,18
2007,21
2008,17
2009,21
2010,17
2011,17
2012,22
2013,19
2014,19
2015,18
2016,24
2017,22
2018,19
2019,14
2020,24
2021,19
2022,25
2023,23
2024,23
2025,23
2026,21
2027,21
2028,23
2029,13
2030,24
2031,18
2032,22
2033,16
2034,18
2035,25
2036,17
2037,22
2038,21
2039,20
2040,23
2041,20
2042,18
2043,21
2044,16
2045,15
2046,26
2047,19
2048,19
2049,23
2050,24
2051,22
2052,28
2053,26
2054,21
2055,18
2056,23
2057,22
2058,21
2059,16
2060,17
2061,18
2062,21
2063,24
2064,25
2065,26
2066,20
2067,24
2068,23
2069,22
2070,20
2071,22
2072,17
2073,21
2074,17
2075,22
2076,25
2077,20
2078,19
2079,20
2080,21
2081,21
2082,20
2083,22
2084,19
2085,18
2086,18
2087,19
2088,15
2089,13
2090,17
2091,21
2092,20
2093,20
2094,25
2095,27
2096,21
2097,13
2098,18
2099,15
2100,20
2101,21
2102,15
2103,19
2104,19
2105,24
2106,25
2107,17
2108,15
2109,21
2110,24
2111,20
2112,19
2113,22
2114,22
2115,27
2116,15
2117,18
2118,22
2119,15
2120,19
2121,20
2122,22
2123,19
2124,21
2125,23
2126,15
2127,21
2128,18
2129,22
2130,20
2131,16
2132,16
2133,24
2134,20
2135,22
2136,22
2137,22
2138,25
2139,28
2140,18
2141,19
2142,14
2143,17
2144,19
2145,26
2146,18
2147,27
2148,23
2149,22
2150,20
2151,17
2152,16
2153,14
2154,19
2155,18
2156,15
2157,26
2158,13
2159,16
2160,20
2161,14
2162,20
2163,17
2164,18
2165,22
2166,27
2167,19
2168,16
2169,14
2170,22
2171,16
2172,16
2173,24
2174,15
2175,19
2176,24
2177,20
2178,21
2179,22
2180,22
2181,18
2182,22
2183,14
2184,18
2185,19
2186,21
2187,25
2188,25
2189,24
2190,16
2191,27
2192,22
2193,16
2194,21
2195,21
2196,21
2197,16
2198,18
2199,23
2200,10
2201,14
2202,15
2203,28
2204,16
2205,16
2206,16
2207,24
2208,19
2209,20
2210,28
2211,19
2212,18
2213,21
2214,19
2215,21
2216,25
2217,13
2218,18
2219,17
2220,22
2221,16
2222,19
2223,17
2224,16
2225,19
2226,17
2227,17
2228,17
2229,25
2230,17
2231,18
2232,23
2233,30
2234,15
2235,21
2236,23
2237,21
2238,22
2239,23
2240,20
2241,26
2242,18
2243,19
2244,19
2245,20
2246,15
2247,18
2248,19
2249,17
2250,18
2251,18
2252,22
2253,18
2254,22
2255,22
2256,20
2257,18
2258,16
2259,17
2260,18
2261,14
2262,16
2263,24
2264,12
2265,18
2266,22
2267,18
2268,12
2269,23
2270,26
2271,23
2272,19
2273,20
2274,17
2275,26
2276,23
2277,15
2278,19
2279,20
2280,14
2281,19
2282,20
2283,18
2284,23
2285,25
2286,25
2287,17
2288,20
2289,23
2290,22
2291,16
2292,17
2293,26
2294,20
2295,17
2296,17
2297,18
2298,17
2299,22
2300,25
2301,24
2302,21
2303,17
2304,18
2305,21
2306,21
2307,27
2308,19
2309,20
2310,27
2311,17
2312,23
2313,27
2314,26
2315,12
2316,27
2317,22
2318,21
2319,17
2320,22
2321,21
2322,18
2323,22
2324,20
2325,20
2326,19
2327,16
2328,27
2329,17
2330,19
2331,22
2332,25
2333,16
2334,19
2335,14
2336,27
2337,21
2338,23
2339,24
2340,21
2341,24
2342,24
2343,12
2344,20
2345,21
2346,17
2347,19
2348,20
2349,17
2350,21
2351,21
2352,17
2353,22
2354,19
2355,18
2356,22
2357,19
2358,22
2359,23
2360,23
2361,27
2362,23
2363,15
2364,17
2365,21
2366,19
2367,14
2368,19
2369,18
2370,22
2371,19
2372,22
2373,15
2374,19
2375,23
2376,22
2377,23
2378,19
2379,23
2380,19
2381,19
2382,25
2383,18
2384,26
2385,25
2386,19
2387,22
2388,16
2389,22
2390,19
2391,23
2392,24
2393,20
2394,29
2395,22
2396,15
2397,13
2398,22
2399,17
2400,15
2401,19
2402,21
2403,19
2404,20
2405,17
2406,17
2407,20
2408,21
2409,19
2410,22
2411,19
2412,22
2413,22
2414,19
2415,14
2416,17
2417,24
2418,16
2419,20
2420,11
2421,18
2422,21
2423,14
2424,18
2425,18
2426,18
2427,21
2428,18
2429,20
2430,22
2431,18
2432,24
2433,14
2434,19
2435,16
2436,14
2437,20
2438,22
2439,27
2440,16
2441,19
2442,11
2443,19
2444,26
2445,18
2446,24
2447,20
2448,21
2449,19
2450,23
2451,18
2452,25
2453,19
2454,19
2455,19
2456,14
2457,19
2458,17
2459,19
2460,20
2461,22
2462,13
2463,18
2464,18
2465,13
2466,23
2467,21
2468,21
2469,16
2470,21
2471,23
2472,20
2473,22
2474,26
2475,20
2476,19
2477,16
2478,25
2479,18
2480,23
2481,23
2482,18
2483,20
2484,15
2485,22
2486,15
2487,20
2488,14
2489,15
2490,21
2491,17
2492,24
2493,21
2494,20
2495,19
2496,21
2497,11
2498,18
2499,17
2500,23
2501,19
2502,20
2503,20
2504,18
2505,21
2506,22
2507,22
2508,23
2509,27
2510,21
2511,22
2512,21
2513,24
2514,14
2515,26
2516,18
2517,16
2518,27
2519,17
2520,18
2521,16
2522,23
2523,21
2524,22
2525,17
2526,20
2527,14
2528,15
2529,25
2530,19
2531,14
2532,21
2533,17
2534,23
2535,21
2536,11
2537,17
2538,18
2539,18
2540,15
2541,19
2542,19
2543,22
2544,22
2545,19
2546,20
2547,18
2548,20
2549,19
2550,24
2551,17
2552,22
2553,20
2554,21
2555,20
2556,19
2557,24
2558,21
2559,19
2560,12
2561,18
2562,15
2563,28
2564,18
2565,25
2566,13
2567,19
2568,18
2569,23
2570,19
2571,19
2572,23
2573,19
2574,16
2575,25
2576,17
2577,19
2578,16
2579,22
2580,20
2581,17
2582,22
2583,12
2584,19
2585,18
2586,20
2587,19
2588,22
2589,17
2590,23
2591,23
2592,23
2593,19
2594,22
2595,14
2596,15
2597,12
2598,18
2599,21
2600,21
2601,23
2602,23
2603,10
2604,17
2605,27
2606,16
2607,22
2608,16
2609,20
2610,19
2611,25
2612,21
2613,14
2614,28
2615,18
2616,19
2617,16
2618,26
2619,25
2620,12
2621,19
2622,16
2623,18
2624,21
2625,15
2626,19
2627,22
2628,16
2629,21
2630,18
2631,23
2632,23
2633,24
2634,19
2635,27
2636,15
2637,23
2638,26
2639,16
2640,13
2641,16
2642,16
2643,27
2644,15
2645,28
2646,16
2647,20
2648,19
2649,20
2650,23
2651,22
2652,17
2653,16
2654,23
2655,17
2656,23
2657,22
2658,14
2659,23
2660,20
2661,18
2662,21
2663,15
2664,16
2665,19
2666,21
2667,16
2668,23
2669,16
2670,21
2671,13
2672,24
2673,23
2674,20
2675,21
2676,23
2677,21
2678,21
2679,20
2680,26
2681,22
2682,22
2683,25
2684,15
2685,24
2686,15
2687,20
2688,19
2689,21
2690,21
2691,21
2692,20
2693,21
2694,28
2695,21
2696,16
2697,22
2698,25
2699,18
2700,22
2701,12
2702,21
2703,21
2704,18
2705,28
2706,18
2707,17
2708,27
2709,17
2710,20
2711,20
2712,18
2713,20
2714,23
2715,20
2716,19
2717,18
2718,13
2719,16
2720,23
2721,20
2722,25
2723,18
2724,24
2725,24
2726,14
2727,19
2728,23
2729,20
2730,22
2731,22
2732,19
2733,16
2734,21
2735,17
2736,20
2737,19
2738,20
2739,17
2740,23
2741,16
2742,14
2743,21
2744,20
2745,24
2746,20
2747,25
2748,19
2749,25
2750,22
2751,26
2752,20
2753,20
2754,25
2755,20
2756,25
2757,17
2758,25
2759,22
2760,18
2761,18
2762,15
2763,26
2764,22
2765,19
2766,19
2767,15
2768,18
2769,22
2770,19
2771,18
2772,20
2773,17
2774,18
2775,17
2776,23
2777,26
2778,18
2779,20
2780,21
2781,15
2782,24
2783,22
2784,25
2785,19
2786,21
2787,16
2788,17
2789,23
2790,17
2791,22
2792,21
2793,19
2794,19
2795,20
2796,22
2797,19
2798,23
2799,25
2800,22
2801,20
2802,20
2803,19
2804,22
2805,21
2806,20
2807,21
2808,19
2809,17
2810,20
2811,19
2812,31
2813,11
2814,19
2815,16
2816,20
2817,16
2818,17
2819,19
2820,21
2821,20
2822,13
2823,22
2824,16
2825,23
2826,18
2827,21
2828,24
2829,17
2830,17
2831,24
2832,22
2833,16
2834,21
2835,24
2836,17
2837,18
2838,24
2839,27
2840,14
2841,22
2842,24
2843,19
2844,15
2845,23
2846,18
2847,15
2848,24
2849,21
2850,21
2851,19
2852,17
2853,22
2854,19
2855,25
2856,20
2857,30
2858,21
2859,18
2860,25
2861,21
2862,15
2863,21
2864,17
2865,17
2866,25
2867,20
2868,20
2869,21
2870,20
2871,19
2872,24
2873,21
2874,23
2875,26
2876,14
2877,12
2878,21
2879,20
2880,18
2881,19
2882,16
2883,22
2884,14
2885,23
2886,24
2887,17
2888,23
2889,21
2890,18
2891,21
2892,19
2893,16
2894,24
2895,19
2896,23
2897,21
2898,26
2899,19
2900,23
2901,19
2902,16
2903,21
2904,22
2905,18
2906,19
2907,18
2908,17
2909,17
2910,19
2911,17
2912,24
2913,20
2914,21
2915,20
2916,18
2917,19
2918,16
2919,21
2920,21
2921,18
2922,22
2923,18
2924,27
2925,22
2926,16
2927,23
2928,23
2929,16
2930,27
2931,21
2932,19
2933,17
2934,27
2935,21
2936,25
2937,26
2938,22
2939,17
2940,21
2941,20
2942,21
2943,22
2944,21
2945,19
2946,15
2947,27
2948,17
2949,22
2950,18
2951,20
2952,24
2953,22
2954,16
2955,23
2956,18
2957,22
2958,19
2959,18
2960,20
2961,18
2962,22
2963,18
2964,16
2965,18
2966,23
2967,16
2968,21
2969,22
2970,20
2971,22
2972,19
2973,23
2974,20
2975,17
2976,27
2977,20
2978,16
2979,21
2980,17
2981,22
2982,16
2983,24
2984,17
2985,21
2986,22
2987,19
2988,25
2989,18
2990,11
2991,18
2992,22
2993,23
2994,16
2995,16
2996,20
2997,20
2998,17
2999,19
3000,24
3001,22
3002,26
3003,21
3004,17
3005,16
3006,26
3007,17
3008,23
3009,22
3010,18
3011,27
3012,21
3013,19
3014,19
3015,24
3016,25
3017,22
3018,13
3019,20
3020,22
3021,15
3022,24
3023,20
3024,30
3025,23
3026,17
3027,24
3028,16
3029,21
3030,19
3031,19
3032,20
3033,18
3034,15
3035,13
3036,16
3037,19
3038,20
3039,29
3040,14
3041,25
3042,24
3043,13
3044,20
3045,24
3046,17
3047,17
3048,17
3049,21
3050,17
3051,15
3052,19
3053,22
3054,13
3055,19
3056,16
3057,19
3058,17
3059,24
3060,19
3061,20
3062,19
3063,20
3064,21
3065,20
3066,18
3067,21
3068,24
3069,18
3070,16
3071,16
3072,15
3073,19
3074,28
3075,24
3076,20
3077,18
3078,12
3079,16
3080,19
3081,20
3082,17
3083,20
3084,17
3085,28
3086,16
3087,15
3088,19
3089,24
3090,24
3091,18
3092,26
3093,20
3094,21
3095,25
3096,24
3097,16
3098,19
3099,18
3100,19
3101,16
3102,17
3103,25
3104,24
3105,21
3106,21
3107,25
3108,20
3109,19
3110,17
3111,25
3112,24
3113,21
3114,18
3115,16
3116,23
3117,28
3118,22
3119,20
3120,27
3121,20
3122,20
3123,26
3124,15
3125,10
3126,23
3127,16
3128,16
3129,17
3130,19
3131,21
3132,25
3133,20
3134,23
3135,21
3136,22
3137,22
3138,25
3139,27
3140,24
3141,19
3142,21
3143,23
3144,22
3145,21
3146,15
3147,16
3148,19
3149,17
3150,23
3151,21
3152,17
3153,25
3154,25
3155,18
3156,11
3157,16
3158,20
3159,22
3160,19
3161,25
3162,17
3163,16
3164,17
3165,26
3166,22
3167,15
3168,23
3169,21
3170,18
3171,20
3172,21
3173,19
3174,21
3175,23
3176,24
3177,18
3178,23
3179,23
3180,18
3181,23
3182,20
3183,20
3184,15
3185,20
3186,19
3187,17
3188,20
3189,18
3190,16
3191,19
3192,23
3193,24
3194,19
3195,20
3196,20
3197,20
3198,22
3199,24
3200,23
3201,15
3202,26
3203,14
3204,15
3205,19
3206,23
3207,22
3208,21
3209,18
3210,25
3211,22
3212,16
3213,24
3214,14
3215,19
3216,20
3217,22
3218,21
3219,20
3220,18
3221,16
3222,20
3223,16
3224,21
3225,18
3226,23
3227,22
3228,15
3229,22
3230,18
3231,24
3232,21
3233,22
3234,18
3235,27
3236,24
3237,15
3238,19
3239,18
3240,19
3241,23
3242,15
3243,25
3244,24
3245,25
3246,19
3247,19
3248,23
3249,22
3250,18
3251,22
3252,22
3253,17
3254,15
3255,18
3256,28
3257,21
3258,23
3259,19
3260,20
3261,16
3262,18
3263,21
3264,17
3265,25
3266,21
3267,21
3268,17
3269,22
3270,22
3271,23
3272,21
3273,24
3274,22
3275,13
3276,23
3277,18
3278,29
3279,19
3280,11
3281,21
3282,26
3283,17
3284,22
3285,18
3286,28
3287,13
3288,20
3289,16
3290,15
3291,17
3292,16
3293,18
3294,15
3295,19
3296,24
3297,24
3298,21
3299,23
3300,15
3301,15
3302,22
3303,13
3304,19
3305,16
3306,18
3307,19
3308,15
3309,22
3310,24
3311,14
3312,18
3313,18
3314,21
3315,19
3316,17
3317,19
3318,18
3319,17
3320,19
3321,20
3322,17
3323,15
3324,16
3325,18
3326,22
3327,23
3328,15
3329,20
3330,19
3331,12
3332,19
3333,25
3334,13
3335,17
3336,20
3337,14
3338,19
3339,21
3340,21
3341,20
3342,17
3343,25
3344,23
3345,18
3346,19
3347,20
3348,17
3349,19
3350,22
3351,24
3352,22
3353,27
3354,18
3355,18
3356,18
3357,19
3358,21
3359,16
3360,15
3361,23
3362,22
3363,18
3364,17
3365,22
3366,15
3367,17
3368,23
3369,17
3370,18
3371,24
3372,15
3373,14
3374,16
3375,22
3376,17
3377,16
3378,19
3379,24
3380,16
3381,26
3382,27
3383,22
3384,22
3385,13
3386,19
3387,30
3388,19
3389,22
3390,19
3391,24
3392,14
3393,20
3394,16
3395,22
3396,20
3397,28
3398,21
3399,16
3400,24
3401,19
3402,28
3403,22
3404,21
3405,23
3406,17
3407,16
3408,18
3409,18
3410,20
3411,16
3412,19
3413,22
3414,17
3415,21
3416,23
3417,17
3418,24
3419,21
3420,18
3421,24
3422,16
3423,22
3424,27
3425,25
3426,16
3427,16
3428,14
3429,20
3430,14
3431,18
3432,20
3433,19
3434,19
3435,14
3436,22
3437,16
3438,17
3439,22
3440,16
3441,19
3442,14
3443,26
3444,18
3445,21
3446,19
3447,16
3448,19
3449,14
3450,20
3451,16
3452,25
3453,23
3454,19
3455,16
3456,24
3457,19
3458,18
3459,16
3460,21
3461,26
3462,20
3463,19
3464,19
3465,19
3466,18
3467,29
3468,23
3469,13
3470,21
3471,18
3472,21
3473,24
3474,18
3475,17
3476,23
3477,21
3478,22
3479,15
3480,19
3481,19
3482,23
3483,19
3484,24
3485,20
3486,17
3487,20
3488,23
3489,17
3490,21
3491,21
3492,20
3493,19
3494,20
3495,15
3496,18
3497,20
3498,14
3499,18
3500,11
3501,17
3502,16
3503,18
3504,22
3505,24
3506,22
3507,20
3508,19
3509,21
3510,16
3511,19
3512,21
3513,20
3514,19
3515,19
3516,19
3517,19
3518,22
3519,22
3520,23
3521,16
3522,20
3523,17
3524,18
3525,20
3526,16
3527,24
3528,15
3529,22
3530,19
3531,13
3532,18
3533,18
3534,24
3535,22
3536,22
3537,18
3538,21
3539,21
3540,23
3541,12
3542,15
3543,23
3544,18
3545,23
3546,21
3547,16
3548,21
3549,20
3550,17
3551,16
3552,22
3553,19
3554,25
3555,12
3556,23
3557,17
3558,20
3559,15
3560,17
3561,20
3562,26
3563,23
3564,22
3565,17
3566,12
3567,12
3568,19
3569,20
3570,26
3571,20
3572,21
3573,20
3574,23
3575,18
3576,23
3577,18
3578,24
3579,21
3580,16
3581,18
3582,17
3583,26
3584,29
3585,25
3586,23
3587,20
3588,21
3589,19
3590,22
3591,19
3592,20
3593,30
3594,22
3595,22
3596,22
3597,21
3598,19
3599,14
3600,20
3601,16
3602,14
3603,18
3604,24
3605,18
3606,21
3607,16
3608,15
3609,23
3610,22
3611,27
3612,23
3613,19
3614,13
3615,15
3616,18
3617,22
3618,27
3619,22
3620,18
3621,20
3622,19
3623,17
3624,19
3625,17
3626,16
3627,23
3628,23
3629,22
3630,25
3631,23
3632,17
3633,20
3634,19
3635,25
3636,20
3637,22
3638,19
3639,22
3640,22
3641,24
3642,18
3643,17
3644,18
3645,25
3646,20
3647,19
3648,21
3649,18
3650,18
3651,22
3652,18
3653,20
3654,16
3655,19
3656,12
3657,23
3658,21
3659,17
3660,25
3661,20
3662,15
3663,21
3664,17
3665,22
3666,16
3667,17
3668,20
3669,21
3670,21
3671,21
3672,19
3673,24
3674,23
3675,28
3676,15
3677,24
3678,22
3679,21
3680,17
3681,27
3682,23
3683,18
3684,19
3685,17
3686,15
3687,21
3688,17
3689,17
3690,20
3691,10
3692,18
3693,23
3694,20
3695,30
3696,18
3697,23
3698,19
3699,20
3700,19
3701,22
3702,13
3703,24
3704,25
3705,20
3706,22
3707,17
3708,17
3709,16
3710,25
3711,14
3712,23
3713,20
3714,20
3715,24
3716,18
3717,18
3718,19
3719,20
3720,13
3721,18
3722,14
3723,26
3724,22
3725,23
3726,16
3727,21
3728,20
3729,22
3730,21
3731,21
3732,20
3733,20
3734,14
3735,16
3736,20
3737,16
3738,17
3739,21
3740,23
3741,16
3742,16
3743,20
3744,20
3745,15
3746,13
3747,18
3748,17
3749,13
3750,19
3751,18
3752,14
3753,24
3754,15
3755,18
3756,17
3757,15
3758,21
3759,28
3760,23
3761,13
3762,19
3763,23
3764,24
3765,22
3766,21
3767,19
3768,21
3769,17
3770,17
3771,17
3772,25
3773,22
3774,22
3775,19
3776,23
3777,16
3778,18
3779,22
3780,17
3781,22
3782,29
3783,23
3784,21
3785,24
3786,25
3787,18
3788,22
3789,19
3790,24
3791,23
3792,15
3793,25
3794,16
3795,21
3796,20
3797,21
3798,20
3799,18
3800,19
3801,18
3802,20
3803,23
3804,20
3805,18
3806,18
3807,16
3808,19
3809,15
3810,22
3811,21
3812,21
3813,23
3814,19
3815,21
3816,22
3817,20
3818,17
3819,17
3820,22
3821,15
3822,19
3823,18
3824,19
3825,22
3826,20
3827,22
3828,26
3829,24
3830,15
3831,16
3832,26
3833,15
3834,21
3835,19
3836,22
3837,24
3838,19
3839,18
3840,21
3841,22
3842,18
3843,23
3844,16
3845,24
3846,22
3847,23
3848,17
3849,12
3850,26
3851,20
3852,21
3853,19
3854,17
3855,17
3856,19
3857,20
3858,15
3859,25
3860,16
3861,16
3862,22
3863,17
3864,23
3865,16
3866,21
3867,21
3868,23
3869,23
3870,17
3871,22
3872,18
3873,25
3874,20
3875,20
3876,18
3877,21
3878,25
3879,17
3880,18
3881,16
3882,20
3883,22
3884,21
3885,18
3886,14
3887,15
3888,23
3889,21
3890,21
3891,17
3892,19
3893,20
3894,27
3895,26
3896,20
3897,19
3898,21
3899,19
3900,21
3901,18
3902,20
3903,19
3904,16
3905,21
3906,21
3907,25
3908,21
3909,21
3910,24
3911,24
3912,19
3913,19
3914,14
3915,19
3916,17
3917,19
3918,20
3919,19
3920,13
3921,15
3922,17
3923,22
3924,16
3925,27
3926,21
3927,21
3928,17
3929,21
3930,28
3931,21
3932,18
3933,19
3934,13
3935,19
3936,24
3937,20
3938,20
3939,21
3940,19
3941,26
3942,18
3943,18
3944,16
3945,25
3946,18
3947,16
3948,20
3949,17
3950,23
3951,21
3952,18
3953,21
3954,16
3955,24
3956,19
3957,19
3958,22
3959,23
3960,21
3961,19
3962,19
3963,15
3964,17
3965,22
3966,19
3967,19
3968,14
3969,19
3970,16
3971,20
3972,17
3973,22
3974,23
3975,24
3976,17
3977,14
3978,24
3979,28
3980,22
3981,13
3982,21
3983,23
3984,19
3985,24
3986,24
3987,18
3988,17
3989,26
3990,25
3991,19
3992,17
3993,22
3994,23
3995,23
3996,18
3997,23
3998,24
3999,17
4000,21
4001,15
4002,20
4003,19
4004,19
4005,19
4006,18
4007,14
4008,21
4009,20
4010,20
4011,19
4012,17
4013,23
4014,19
4015,24
4016,23
4017,14
4018,16
4019,18
4020,18
4021,19
4022,22
4023,21
4024,22
4025,16
4026,22
4027,21
4028,25
4029,18
4030,20
4031,22
4032,20
4033,23
4034,19
4035,23
4036,22
4037,15
4038,16
4039,16
4040,19
4041,13
4042,19
4043,23
4044,29
4045,18
4046,17
4047,24
4048,21
4049,22
4050,16
4051,23
4052,22
4053,18
4054,14
4055,22
4056,24
4057,19
4058,13
4059,24
4060,20
4061,21
4062,11
4063,22
4064,25
4065,18
4066,22
4067,19
4068,17
4069,19
4070,20
4071,19
4072,18
4073,20
4074,13
4075,21
4076,19
4077,16
4078,18
4079,23
4080,24
4081,23
4082,18
4083,21
4084,21
4085,24
4086,19
4087,19
4088,16
4089,16
4090,23
4091,18
4092,17
4093,21
4094,13
4095,20
4096,22
4097,22
4098,18
4099,21
4100,18
4101,22
4102,19
4103,21
4104,19
4105,22
4106,21
4107,23
4108,13
4109,19
4110,23
4111,28
4112,21
4113,24
4114,19
4115,21
4116,18
4117,24
4118,19
4119,19
4120,19
4121,21
4122,16
4123,26
4124,21
4125,20
4126,20
4127,24
4128,14
4129,14
4130,25
4131,21
4132,17
4133,19
4134,19
4135,12
4136,11
4137,24
4138,24
4139,17
4140,19
4141,22
4142,24
4143,17
4144,16
4145,24
4146,21
4147,19
4148,18
4149,20
4150,25
4151,20
4152,19
4153,19
4154,21
4155,16
4156,21
4157,18
4158,18
4159,17
4160,21
4161,20
4162,17
4163,19
4164,23
4165,17
4166,17
4167,25
4168,17
4169,16
4170,21
4171,18
4172,20
4173,15
4174,23
4175,18
4176,23
4177,14
4178,19
4179,19
4180,24
4181,18
4182,12
4183,20
4184,21
4185,19
4186,22
4187,20
4188,17
4189,20
4190,16
4191,25
4192,20
4193,16
4194,17
4195,22
4196,21
4197,18
4198,23
4199,19
4200,23
4201,23
4202,19
4203,25
4204,20
4205,20
4206,17
4207,20
4208,22
4209,17
4210,16
4211,18
4212,23
4213,26
4214,19
4215,15
4216,20
4217,17
4218,21
4219,18
4220,19
4221,24
4222,16
4223,16
4224,22
4225,16
4226,19
4227,24
4228,24
4229,21
4230,23
4231,18
4232,21
4233,22
4234,21
4235,21
4236,19
4237,19
4238,16
4239,19
4240,13
4241,26
4242,18
4243,21
4244,17
4245,15
4246,22
4247,22
4248,21
4249,20
4250,29
4251,16
4252,22
4253,16
4254,18
4255,19
4256,17
4257,24
4258,22
4259,17
4260,19
4261,19
4262,26
4263,16
4264,20
4265,26
4266,21
4267,22
4268,20
4269,19
4270,24
4271,15
4272,19
4273,18
4274,10
4275,20
4276,14
4277,24
4278,18
4279,19
4280,20
4281,20
4282,15
4283,14
4284,21
4285,23
4286,19
4287,23
4288,27
4289,19
4290,16
4291,26
4292,20
4293,17
4294,20
4295,22
4296,15
4297,21
4298,21
4299,16
4300,26
4301,23
4302,13
4303,21
4304,25
4305,19
4306,27
4307,13
4308,18
4309,16
4310,16
4311,25
4312,18
4313,21
4314,18
4315,14
4316,15
4317,28
4318,22
4319,21
4320,12
4321,17
4322,18
4323,17
4324,17
4325,26
4326,16
4327,23
4328,14
4329,21
4330,27
4331,24
4332,19
4333,19
4334,23
4335,19
4336,17
4337,20
4338,19
4339,26
4340,23
4341,19
4342,21
4343,22
4344,22
4345,18
4346,22
4347,13
4348,20
4349,18
4350,17
4351,15
4352,26
4353,22
4354,18
4355,22
4356,19
4357,16
4358,17
4359,19
4360,20
4361,21
4362,24
4363,18
4364,15
4365,16
4366,16
4367,20
4368,23
4369,22
4370,22
4371,15
4372,19
4373,18
4374,22
4375,20
4376,22
4377,15
4378,19
4379,19
4380,19
4381,23
4382,24
4383,16
4384,17
4385,20
4386,20
4387,19
4388,23
4389,24
4390,23
4391,17
4392,19
4393,16
4394,21
4395,21
4396,18
4397,19
4398,21
4399,18
4400,23
4401,24
4402,20
4403,15
4404,21
4405,18
4406,17
4407,15
4408,25
4409,21
4410,25
4411,22
4412,23
4413,19
4414,19
4415,17
4416,20
4417,18
4418,22
4419,16
4420,25
4421,29
4422,24
4423,19
4424,17
4425,21
4426,16
4427,22
4428,21
4429,21
4430,18
4431,21
4432,25
4433,12
4434,22
4435,15
4436,18
4437,19
4438,26
4439,20
4440,13
4441,19
4442,16
4443,23
4444,15
4445,17
4446,22
4447,20
4448,18
4449,22
4450,25
4451,24
4452,26
4453,17
4454,19
4455,18
4456,20
4457,18
4458,21
4459,25
4460,24
4461,22
4462,18
4463,21
4464,18
4465,17
4466,19
4467,24
4468,19
4469,23
4470,20
4471,21
4472,21
4473,19
4474,14
4475,15
4476,26
4477,25
4478,13
4479,21
4480,25
4481,16
4482,20
4483,26
4484,25
4485,22
4486,15
4487,20
4488,21
4489,18
4490,14
4491,23
4492,20
4493,26
4494,24
4495,26
4496,21
4497,20
4498,14
4499,22
4500,15
4501,20
4502,22
4503,18
4504,24
4505,20
4506,20
4507,22
4508,16
4509,22
4510,18
4511,30
4512,19
4513,18
4514,20
4515,17
4516,22
4517,23
4518,20
4519,21
4520,23
4521,25
4522,16
4523,23
4524,29
4525,24
4526,21
4527,18
4528,20
4529,24
4530,21
4531,19
4532,21
4533,17
4534,19
4535,25
4536,23
4537,20
4538,17
4539,21
4540,20
4541,18
4542,21
4543,19
4544,25
4545,13
4546,16
4547,19
4548,19
4549,22
4550,20
4551,17
4552,19
4553,25
4554,22
4555,23
4556,22
4557,17
4558,17
4559,24
4560,21
4561,19
4562,17
4563,14
4564,20
4565,27
4566,20
4567,18
4568,23
4569,20
4570,22
4571,18
4572,22
4573,20
4574,15
4575,23
4576,23
4577,21
4578,16
4579,15
4580,21
4581,24
4582,23
4583,18
4584,18
4585,25
4586,22
4587,14
4588,17
4589,21
4590,18
4591,17
4592,14
4593,22
4594,21
4595,15
4596,20
4597,19
4598,23
4599,16
4600,22
4601,13
4602,19
4603,15
4604,27
4605,23
4606,20
4607,15
4608,17
4609,13
4610,21
4611,23
4612,20
4613,19
4614,21
4615,11
4616,25
4617,20
4618,27
4619,23
4620,23
4621,20
4622,23
4623,22
4624,18
4625,26
4626,22
4627,25
4628,19
4629,17
4630,21
4631,22
4632,20
4633,21
4634,16
4635,22
4636,13
4637,22
4638,18
4639,22
4640,22
4641,20
4642,20
4643,15
4644,18
4645,18
4646,18
4647,16
4648,17
4649,22
4650,23
4651,22
4652,20
4653,22
4654,16
4655,18
4656,21
4657,20
4658,21
4659,19
4660,18
4661,19
4662,21
4663,23
4664,21
4665,25
4666,20
4667,20
4668,23
4669,22
4670,14
4671,22
4672,29
4673,17
4674,23
4675,30
4676,17
4677,14
4678,21
4679,22
4680,25
4681,13
4682,18
4683,22
4684,18
4685,23
4686,24
4687,25
4688,26
4689,25
4690,17
4691,24
4692,21
4693,18
4694,22
4695,16
4696,22
4697,19
4698,19
4699,23
4700,19
4701,16
4702,20
4703,20
4704,23
4705,20
4706,22
4707,21
4708,19
4709,20
4710,14
4711,20
4712,18
4713,18
4714,17
4715,20
4716,17
4717,20
4718,27
4719,20
4720,21
4721,19
4722,24
4723,17
4724,26
4725,16
4726,23
4727,28
4728,23
4729,25
4730,19
4731,20
4732,21
4733,16
4734,16
4735,16
4736,13
4737,22
4738,18
4739,22
4740,19
4741,20
4742,17
4743,14
4744,17
4745,19
4746,19
4747,21
4748,17
4749,23
4750,20
4751,19
4752,19
4753,22
4754,20
4755,24
4756,22
4757,14
4758,19
4759,18
4760,25
4761,24
4762,20
4763,26
4764,19
4765,19
4766,23
4767,26
4768,20
4769,15
4770,24
4771,20
4772,16
4773,22
4774,20
4775,19
4776,12
4777,20
4778,15
4779,22
4780,14
4781,18
4782,26
4783,21
4784,27
4785,23
4786,21
4787,19
4788,28
4789,16
4790,16
4791,20
4792,21
4793,24
4794,24
4795,23
4796,22
4797,25
4798,17
4799,20
4800,19
4801,22
4802,24
4803,24
4804,13
4805,23
4806,19
4807,16
4808,17
4809,25
4810,24
4811,25
4812,18
4813,22
4814,17
4815,19
4816,22
4817,19
4818,17
4819,19
4820,15
4821,20
4822,21
4823,19
4824,19
4825,21
4826,18
4827,19
4828,17
4829,29
4830,20
4831,19
4832,18
4833,22
4834,15
4835,17
4836,21
4837,19
4838,22
4839,20
4840,13
4841,20
4842,18
4843,18
4844,21
4845,21
4846,14
4847,20
4848,13
4849,15
4850,16
4851,19
4852,19
4853,21
4854,20
4855,24
4856,20
4857,24
4858,21
4859,20
4860,22
4861,20
4862,22
4863,14
4864,18
4865,20
4866,21
4867,19
4868,21
4869,19
4870,23
4871,16
4872,18
4873,20
4874,21
4875,16
4876,26
4877,22
4878,21
4879,21
4880,17
4881,24
4882,18
4883,20
4884,12
4885,17
4886,21
4887,27
4888,20
4889,22
4890,25
4891,18
4892,24
4893,18
4894,19
4895,20
4896,22
4897,19
4898,21
4899,22
4900,18
4901,20
4902,20
4903,20
4904,20
4905,14
4906,22
4907,25
4908,23
4909,20
4910,20
4911,24
4912,16
4913,19
4914,28
4915,23
4916,17
4917,18
4918,22
4919,13
4920,16
4921,16
4922,16
4923,21
4924,26
4925,21
4926,17
4927,19
4928,18
4929,21
4930,23
4931,15
4932,18
4933,22
4934,19
4935,16
4936,22
4937,20
4938,20
4939,17
4940,19
4941,17
4942,19
4943,22
4944,23
4945,19
4946,21
4947,18
4948,21
4949,14
4950,23
4951,25
4952,17
4953,23
4954,17
4955,20
4956,17
4957,22
4958,18
4959,19
4960,17
4961,20
4962,29
4963,20
4964,21
4965,25
4966,16
4967,18
4968,18
4969,22
4970,19
4971,20
4972,18
4973,27
4974,15
4975,15
4976,20
4977,13
4978,20
4979,24
4980,25
4981,28
4982,19
4983,15
4984,21
4985,21
4986,21
4987,24
4988,19
4989,17
4990,21
4991,20
4992,20
4993,18
4994,20
4995,21
4996,25
4997,20
4998,13
4999,16
5000,18
5001,12
5002,17
5003,26
5004,19
5005,8
5006,19
5007,16
5008,21
5009,22
5010,17
5011,20
5012,20
5013,23
5014,16
5015,19
5016,22
5017,17
5018,19
5019,25
5020,23
5021,22
5022,18
5023,21
5024,15
5025,15
5026,16
5027,26
5028,17
5029,17
5030,21
5031,21
5032,17
5033,21
5034,18
5035,20
5036,17
5037,20
5038,18
5039,22
5040,17
5041,21
5042,20
5043,21
5044,28
5045,25
5046,16
5047,17
5048,18
5049,18
5050,19
5051,24
5052,18
5053,19
5054,14
5055,27
5056,22
5057,22
5058,24
5059,24
5060,13
5061,15
5062,19
5063,18
5064,19
5065,22
5066,27
5067,16
5068,22
5069,16
5070,22
5071,22
5072,19
5073,25
5074,17
5075,25
5076,23
5077,23
5078,15
5079,20
5080,24
5081,29
5082,20
5083,15
5084,24
5085,19
5086,18
5087,22
5088,22
5089,22
5090,19
5091,16
5092,20
5093,18
5094,22
5095,24
5096,21
5097,18
5098,16
5099,26
5100,27
5101,17
5102,19
5103,26
5104,20
5105,25
5106,15
5107,14
5108,17
5109,24
5110,24
5111,14
5112,20
5113,21
5114,23
5115,15
5116,18
5117,19
5118,26
5119,22
5120,19
5121,21
5122,24
5123,22
5124,19
5125,24
5126,20
5127,19
5128,21
5129,18
5130,22
5131,19
5132,27
5133,22
5134,17
5135,23
5136,20
5137,13
5138,21
5139,21
5140,16
5141,19
5142,20
5143,21
5144,23
5145,21
5146,17
5147,15
5148,20
5149,22
5150,23
5151,18
5152,21
5153,26
5154,23
5155,17
5156,14
5157,22
5158,21
5159,21
5160,23
5161,22
5162,12
5163,23
5164,21
5165,25
5166,26
5167,20
5168,18
5169,22
5170,17
5171,21
5172,27
5173,25
5174,19
5175,23
5176,22
5177,19
5178,22
5179,20
5180,20
5181,13
5182,22
5183,22
5184,21
5185,25
5186,13
5187,22
5188,23
5189,17
5190,21
5191,18
5192,23
5193,26
5194,19
5195,18
5196,19
5197,27
5198,22
5199,15
5200,16
5201,20
5202,25
5203,22
5204,23
5205,18
5206,19
5207,23
5208,22
5209,20
5210,21
5211,22
5212,18
5213,18
5214,18
5215,23
5216,15
5217,26
5218,19
5219,18
5220,20
5221,23
5222,19
5223,20
5224,9
5225,21
5226,23
5227,19
5228,13
5229,13
5230,24
5231,18
5232,16
5233,14
5234,14
5235,18
5236,29
5237,16
5238,20
5239,21
5240,21
5241,13
5242,16
5243,22
5244,17
5245,22
5246,18
5247,25
5248,16
5249,18
5250,16
5251,16
5252,21
5253,21
5254,19
5255,15
5256,21
5257,22
5258,23
5259,18
5260,26
5261,14
5262,18
5263,19
5264,15
5265,22
5266,18
5267,17
5268,21
5269,19
5270,19
5271,23
5272,16
5273,22
5274,20
5275,20
5276,17
5277,18
5278,11
5279,18
5280,22
5281,19
5282,20
5283,21
5284,18
5285,21
5286,19
5287,22
5288,21
5289,26
5290,21
5291,20
5292,19
5293,20
5294,21
5295,17
5296,19
5297,21
5298,18
5299,17
5300,25
5301,11
5302,24
5303,25
5304,23
5305,23
5306,26
5307,18
5308,24
5309,23
5310,17
5311,21
5312,24
5313,19
5314,14
5315,24
5316,16
5317,15
5318,22
5319,23
5320,17
5321,24
5322,10
5323,19
5324,21
5325,24
5326,17
5327,17
5328,22
5329,17
5330,21
5331,21
5332,15
5333,20
5334,22
5335,20
5336,12
5337,19
5338,23
5339,17
5340,21
5341,16
5342,18
5343,17
5344,14
5345,16
5346,22
5347,22
5348,23
5349,21
5350,17
5351,18
5352,25
5353,19
5354,24
5355,28
5356,15
5357,25
5358,18
5359,21
5360,21
5361,20
5362,24
5363,20
5364,27
5365,16
5366,26
5367,22
5368,22
5369,18
5370,21
5371,24
5372,19
5373,22
5374,22
5375,25
5376,16
5377,18
5378,20
5379,21
5380,22
5381,18
5382,21
5383,18
5384,20
5385,22
5386,23
5387,23
5388,22
5389,16
5390,21
5391,20
5392,21
5393,21
5394,25
5395,18
5396,20
5397,18
5398,22
5399,22
5400,24
5401,21
5402,15
5403,20
5404,18
5405,19
5406,22
5407,17
5408,20
5409,19
5410,23
5411,23
5412,18
5413,22
5414,22
5415,23
5416,22
5417,14
5418,21
5419,22
5420,29
5421,16
5422,20
5423,20
5424,19
5425,24
5426,17
5427,19
5428,19
5429,11
5430,17
5431,17
5432,23
5433,22
5434,20
5435,29
5436,21
5437,22
5438,21
5439,24
5440,23
5441,23
5442,23
5443,22
5444,16
5445,17
5446,21
5447,26
5448,23
5449,23
5450,26
5451,20
5452,22
5453,18
5454,18
5455,20
5456,16
5457,26
5458,18
5459,16
5460,18
5461,21
5462,17
5463,20
5464,15
5465,15
5466,19
5467,15
5468,16
5469,22
5470,23
5471,22
5472,21
5473,22
5474,19
5475,17
5476,17
5477,17
5478,18
5479,17
5480,19
5481,20
5482,14
5483,25
5484,21
5485,18
5486,18
5487,21
5488,21
5489,19
5490,21
5491,19
5492,23
5493,17
5494,29
5495,16
5496,20
5497,21
5498,18
5499,17
5500,26
5501,25
5502,25
5503,17
5504,17
5505,22
5506,21
5507,24
5508,22
5509,21
5510,17
5511,20
5512,24
5513,19
5514,28
5515,18
5516,19
5517,23
5518,22
5519,22
5520,24
5521,17
5522,16
5523,24
5524,16
5525,26
5526,21
5527,20
5528,21
5529,19
5530,17
5531,18
5532,21
5533,24
5534,22
5535,20
5536,20
5537,20
5538,15
5539,18
5540,20
5541,20
5542,24
5543,20
5544,24
5545,23
5546,24
5547,24
5548,13
5549,19
5550,26
5551,17
5552,23
5553,15
5554,16
5555,24
5556,23
5557,14
5558,19
5559,22
5560,22
5561,32
5562,24
5563,18
5564,24
5565,20
5566,20
5567,21
5568,21
5569,16
5570,20
5571,13
5572,21
5573,21
5574,16
5575,21
5576,18
5577,19
5578,19
5579,15
5580,22
5581,16
5582,17
5583,21
5584,19
5585,20
5586,20
5587,18
5588,21
5589,22
5590,25
5591,17
5592,20
5593,15
5594,19
5595,13
5596,18
5597,16
5598,20
5599,22
5600,16
5601,24
5602,20
5603,14
5604,17
5605,22
5606,15
5607,21
5608,18
5609,28
5610,22
5611,16
5612,20
5613,25
5614,17
5615,17
5616,19
5617,19
5618,17
5619,14
5620,23
5621,23
5622,19
5623,18
5624,14
5625,24
5626,24
5627,20
5628,14
5629,27
5630,21
5631,23
5632,22
5633,21
5634,19
5635,22
5636,15
5637,14
5638,17
5639,20
5640,30
5641,22
5642,22
5643,12
5644,22
5645,16
5646,16
5647,21
5648,21
5649,18
5650,19
5651,19
5652,15
5653,26
5654,13
5655,23
5656,20
5657,12
5658,25
5659,19
5660,21
5661,25
5662,22
5663,21
5664,18
5665,20
5666,24
5667,20
5668,19
5669,15
5670,17
5671,23
5672,22
5673,21
5674,23
5675,16
5676,14
5677,16
5678,28
5679,20
5680,20
5681,18
5682,20
5683,21
5684,20
5685,17
5686,24
5687,17
5688,25
5689,18
5690,26
5691,29
5692,24
5693,23
5694,15
5695,23
5696,19
5697,28
5698,23
5699,22
5700,23
5701,23
5702,16
5703,19
5704,24
5705,29
5706,24
5707,17
5708,21
5709,24
5710,24
5711,16
5712,12
5713,20
5714,21
5715,25
5716,24
5717,14
5718,26
5719,23
5720,16
5721,17
5722,18
5723,23
5724,22
5725,22
5726,18
5727,18
5728,16
5729,21
5730,18
5731,21
5732,24
5733,21
5734,19
5735,15
5736,22
5737,22
5738,19
5739,19
5740,18
5741,13
5742,21
5743,23
5744,13
5745,20
5746,16
5747,28
5748,21
5749,16
5750,17
5751,19
5752,24
5753,20
5754,21
5755,27
5756,17
5757,18
5758,28
5759,21
5760,15
5761,22
5762,17
5763,16
5764,16
5765,23
5766,19
5767,30
5768,20
5769,21
5770,16
5771,21
5772,21
5773,16
5774,17
5775,18
5776,22
5777,19
5778,25
5779,12
5780,22
5781,20
5782,19
5783,26
5784,15
5785,20
5786,22
5787,22
5788,22
5789,22
5790,17
5791,17
5792,23
5793,18
5794,16
5795,17
5796,22
5797,18
5798,26
5799,22
5800,20
5801,22
5802,26
5803,27
5804,24
5805,17
5806,25
5807,20
5808,16
5809,17
5810,24
5811,15
5812,14
5813,22
5814,20
5815,19
5816,17
5817,13
5818,26
5819,20
5820,18
5821,21
5822,19
5823,22
5824,23
5825,20
5826,27
5827,19
5828,21
5829,23
5830,16
5831,20
5832,17
5833,22
5834,24
5835,18
5836,15
5837,19
5838,20
5839,21
5840,21
5841,20
5842,20
5843,20
5844,28
5845,19
5846,20
5847,22
5848,21
5849,15
5850,23
5851,25
5852,25
5853,21
5854,17
5855,24
5856,19
5857,17
5858,24
5859,21
5860,20
5861,17
5862,22
5863,18
5864,18
5865,18
5866,18
5867,17
5868,19
5869,19
5870,20
5871,24
5872,20
5873,20
5874,16
5875,15
5876,17
5877,18
5878,26
5879,12
5880,17
5881,22
5882,15
5883,26
5884,19
5885,16
5886,20
5887,17
5888,19
5889,21
5890,23
5891,25
5892,18
5893,24
5894,11
5895,20
5896,22
5897,23
5898,20
5899,23
5900,23
5901,25
5902,25
5903,25
5904,15
5905,27
5906,19
5907,18
5908,20
5909,20
5910,18
5911,24
5912,22
5913,18
5914,20
5915,22
5916,22
5917,18
5918,19
5919,18
5920,17
5921,23
5922,19
5923,21
5924,18
5925,19
5926,23
5927,22
5928,20
5929,21
5930,16
5931,18
5932,17
5933,20
5934,22
5935,17
5936,15
5937,16
5938,25
5939,22
5940,23
5941,15
5942,20
5943,24
5944,15
5945,17
5946,21
5947,18
5948,27
5949,14
5950,17
5951,25
5952,21
5953,21
5954,25
5955,21
5956,21
5957,19
5958,21
5959,15
5960,24
5961,22
5962,23
5963,19
5964,14
5965,13
5966,24
5967,25
5968,23
5969,22
5970,21
5971,24
5972,21
5973,14
5974,20
5975,23
5976,24
5977,20
5978,21
5979,16
5980,27
5981,21
5982,17
5983,15
5984,23
5985,20
5986,24
5987,15
5988,23
5989,13
5990,21
5991,26
5992,23
5993,14
5994,18
5995,19
5996,24
5997,28
5998,19
5999,24
6000,28
6001,23
6002,25
6003,21
6004,22
6005,24
6006,29
6007,17
6008,21
6009,19
6010,19
6011,20
6012,17
6013,17
6014,23
6015,15
6016,17
6017,21
6018,23
6019,21
6020,24
6021,16
6022,13
6023,13
6024,20
6025,22
6026,17
6027,21
6028,17
6029,16
6030,22
6031,16
6032,15
6033,16
6034,14
6035,19
6036,20
6037,19
6038,20
6039,23
6040,12
6041,13
6042,20
6043,24
6044,22
6045,23
6046,18
6047,18
6048,24
6049,23
6050,22
6051,18
6052,19
6053,19
6054,17
6055,20
6056,15
6057,21
6058,17
6059,16
6060,24
6061,15
6062,22
6063,17
6064,23
6065,17
6066,20
6067,21
6068,23
6069,17
6070,20
6071,19
6072,16
6073,20
6074,26
6075,21
6076,15
6077,16
6078,23
6079,23
6080,17
6081,20
6082,20
6083,21
6084,23
6085,15
6086,21
6087,21
6088,13
6089,15
6090,25
6091,19
6092,21
6093,21
6094,20
6095,18
6096,19
6097,21
6098,25
6099,23
6100,18
6101,20
6102,21
6103,23
6104,20
6105,21
6106,24
6107,22
6108,24
6109,23
6110,16
6111,12
6112,22
6113,19
6114,22
6115,25
6116,18
6117,19
6118,23
6119,19
6120,18
6121,20
6122,23
6123,15
6124,18
6125,23
6126,21
6127,22
6128,23
6129,20
6130,18
6131,24
6132,25
6133,18
6134,23
6135,21
6136,25
6137,15
6138,22
6139,22
6140,21
6141,15
6142,19
6143,21
6144,25
6145,21
6146,26
6147,24
6148,19
6149,21
6150,15
6151,22
6152,27
6153,20
6154,15
6155,16
6156,27
6157,15
6158,26
6159,20
6160,22
6161,18
6162,20
6163,17
6164,21
6165,20
6166,13
6167,14
6168,21
6169,18
6170,18
6171,22
6172,17
6173,19
6174,25
6175,26
6176,24
6177,16
6178,19
6179,25
6180,21
6181,20
6182,24
6183,19
6184,25
6185,17
6186,26
6187,23
6188,15
6189,25
6190,24
6191,12
6192,19
6193,18
6194,16
6195,19
6196,23
6197,16
6198,21
6199,21
6200,19
6201,23
6202,17
6203,21
6204,21
6205,26
6206,21
6207,23
6208,18
6209,17
6210,19
6211,16
6212,19
6213,19
6214,19
6215,20
6216,17
6217,14
6218,21
6219,22
6220,17
6221,18
6222,24
6223,19
6224,22
6225,19
6226,17
6227,16
6228,22
6229,20
6230,16
6231,19
6232,23
6233,18
6234,23
6235,24
6236,17
6237,21
6238,17
6239,21
6240,17
6241,17
6242,17
6243,14
6244,19
6245,26
6246,21
6247,17
6248,18
6249,23
6250,19
6251,21
6252,21
6253,13
6254,22
6255,21
6256,18
6257,19
6258,30
6259,20
6260,19
6261,17
6262,19
6263,20
6264,21
6265,13
6266,19
6267,18
6268,19
6269,16
6270,28
6271,22
6272,20
6273,16
6274,22
6275,22
6276,17
6277,17
6278,23
6279,18
6280,23
6281,10
6282,16
6283,23
6284,26
6285,20
6286,22
6287,24
6288,18
6289,22
6290,17
6291,19
6292,23
6293,22
6294,26
6295,21
6296,22
6297,19
6298,20
6299,22
6300,19
6301,24
6302,16
6303,24
6304,21
6305,16
6306,20
6307,16
6308,21
6309,18
6310,22
6311,23
6312,23
6313,15
6314,23
6315,21
6316,17
6317,18
6318,16
6319,26
6320,20
6321,22
6322,23
6323,20
6324,22
6325,18
6326,19
6327,24
6328,21
6329,13
6330,19
6331,19
6332,20
6333,25
6334,18
6335,23
6336,18
6337,14
6338,18
6339,22
6340,18
6341,32
6342,23
6343,15
6344,12
6345,23
6346,15
6347,21
6348,24
6349,22
6350,19
6351,18
6352,23
6353,19
6354,16
6355,20
6356,21
6357,26
6358,15
6359,22
6360,19
6361,17
6362,26
6363,18
6364,17
6365,20
6366,26
6367,18
6368,20
6369,18
6370,22
6371,17
6372,18
6373,22
6374,17
6375,19
6376,15
6377,21
6378,19
6379,18
6380,18
6381,18
6382,22
6383,17
6384,25
6385,18
6386,14
6387,19
6388,19
6389,19
6390,20
6391,18
6392,16
6393,11
6394,14
6395,21
6396,16
6397,17
6398,24
6399,17
6400,23
6401,18
6402,24
6403,19
6404,19
6405,18
6406,23
6407,17
6408,22
6409,22
6410,20
6411,22
6412,21
6413,28
6414,19
6415,22
6416,20
6417,17
6418,15
6419,19
6420,25
6421,18
6422,22
6423,16
6424,20
6425,20
6426,22
6427,18
6428,20
6429,10
6430,21
6431,22
6432,23
6433,19
6434,25
6435,19
6436,26
6437,23
6438,18
6439,16
6440,16
6441,16
6442,16
6443,22
6444,21
6445,24
6446,20
6447,17
6448,16
6449,26
6450,20
6451,23
6452,21
6453,19
6454,25
6455,21
6456,16
6457,21
6458,15
6459,21
6460,20
6461,24
6462,20
6463,25
6464,22
6465,22
6466,21
6467,15
6468,20
6469,24
6470,21
6471,19
6472,17
6473,20
6474,25
6475,21
6476,17
6477,19
6478,16
6479,17
6480,26
6481,18
6482,17
6483,21
6484,23
6485,18
6486,21
6487,16
6488,24
6489,20
6490,19
6491,23
6492,22
6493,20
6494,17
6495,20
6496,18
6497,15
6498,19
6499,19
6500,21
6501,11
6502,20
6503,22
6504,17
6505,17
6506,26
6507,26
6508,20
6509,24
6510,23
6511,22
6512,21
6513,19
6514,16
6515,24
6516,17
6517,24
6518,29
6519,20
6520,16
6521,23
6522,19
6523,21
6524,26
6525,22
6526,19
6527,16
6528,19
6529,21
6530,22
6531,20
6532,15
6533,16
6534,18
6535,19
6536,28
6537,18
6538,20
6539,19
6540,16
6541,17
6542,18
6543,22
6544,23
6545,24
6546,21
6547,18
6548,14
6549,21
6550,26
6551,16
6552,18
6553,18
6554,27
6555,15
6556,23
6557,12
6558,26
6559,19
6560,20
6561,17
6562,17
6563,24
6564,23
6565,18
6566,27
6567,24
6568,21
6569,17
6570,20
6571,20
6572,19
6573,17
6574,22
6575,23
6576,21
6577,22
6578,22
6579,14
6580,23
6581,23
6582,24
6583,24
6584,28
6585,16
6586,23
6587,23
6588,20
6589,19
6590,19
6591,18
6592,18
6593,23
6594,16
6595,17
6596,17
6597,26
6598,20
6599,19
6600,13
6601,25
6602,26
6603,18
6604,21
6605,17
6606,21
6607,13
6608,24
6609,23
6610,19
6611,21
6612,21
6613,22
6614,25
6615,22
6616,22
6617,24
6618,15
6619,22
6620,19
6621,16
6622,14
6623,15
6624,20
6625,18
6626,21
6627,20
6628,26
6629,24
6630,17
6631,27
6632,20
6633,24
6634,21
6635,16
6636,23
6637,20
6638,20
6639,18
6640,17
6641,26
6642,22
6643,23
6644,19
6645,21
6646,26
6647,16
6648,21
6649,19
6650,19
6651,19
6652,18
6653,21
6654,18
6655,16
6656,21
6657,22
6658,19
6659,16
6660,20
6661,20
6662,16
6663,16
6664,27
6665,19
6666,19
6667,20
6668,22
6669,21
6670,14
6671,18
6672,23
6673,19
6674,21
6675,24
6676,20
6677,20
6678,21
6679,25
6680,19
6681,20
6682,18
6683,18
6684,20
6685,18
6686,24
6687,21
6688,25
6689,25
6690,24
6691,20
6692,14
6693,21
6694,22
6695,18
6696,20
6697,19
6698,23
6699,16
6700,20
6701,22
6702,22
6703,22
6704,24
6705,14
6706,15
6707,12
6708,24
6709,16
6710,17
6711,23
6712,22
6713,19
6714,26
6715,15
6716,15
6717,18
6718,22
6719,20
6720,24
6721,25
6722,19
6723,26
6724,21
6725,16
6726,26
6727,19
6728,13
6729,14
6730,17
6731,20
6732,23
6733,17
6734,18
6735,13
6736,18
6737,20
6738,17
6739,17
6740,22
6741,24
6742,13
6743,24
6744,21
6745,23
6746,23
6747,28
6748,20
6749,18
6750,22
6751,27
6752,17
6753,21
6754,20
6755,25
6756,29
6757,14
6758,17
6759,16
6760,22
6761,25
6762,19
6763,22
6764,24
6765,16
6766,20
6767,22
6768,14
6769,19
6770,19
6771,23
6772,17
6773,21
6774,22
6775,21
6776,21
6777,18
6778,26
6779,19
6780,24
6781,21
6782,17
6783,22
6784,26
6785,21
6786,23
6787,21
6788,19
6789,26
6790,24
6791,23
6792,23
6793,19
6794,23
6795,21
6796,19
6797,18
6798,20
6799,18
6800,24
6801,20
6802,23
6803,17
6804,21
6805,25
6806,22
6807,20
6808,18
6809,28
6810,24
6811,21
6812,13
6813,25
6814,22
6815,20
6816,18
6817,18
6818,21
6819,16
6820,23
6821,17
6822,18
6823,19
6824,18
6825,18
6826,23
6827,18
6828,18
6829,12
6830,20
6831,19
6832,19
6833,21
6834,25
6835,26
6836,17
6837,18
6838,18
6839,19
6840,26
6841,17
6842,18
6843,18
6844,20
6845,19
6846,12
6847,24
6848,21
6849,16
6850,15
6851,19
6852,17
6853,27
6854,28
6855,21
6856,22
6857,19
6858,16
6859,16
6860,16
6861,23
6862,15
6863,18
6864,18
6865,18
6866,26
6867,23
6868,14
6869,18
6870,19
6871,24
6872,24
6873,16
6874,14
6875,17
6876,17
6877,16
6878,19
6879,26
6880,24
6881,18
6882,17
6883,26
6884,16
6885,15
6886,22
6887,17
6888,25
6889,21
6890,19
6891,22
6892,19
6893,24
6894,23
6895,17
6896,17
6897,23
6898,16
6899,22
6900,23
6901,20
6902,13
6903,22
6904,25
6905,22
6906,23
6907,14
6908,18
6909,18
6910,18
6911,22
6912,16
6913,16
6914,19
6915,25
6916,23
6917,17
6918,26
6919,26
6920,27
6921,18
6922,22
6923,27
6924,23
6925,17
6926,22
6927,15
6928,13
6929,18
6930,25
6931,18
6932,24
6933,24
6934,20
6935,18
6936,20
6937,18
6938,20
6939,24
6940,21
6941,23
6942,19
6943,18
6944,16
6945,23
6946,16
6947,23
6948,21
6949,26
6950,17
6951,20
6952,23
6953,22
6954,21
6955,18
6956,26
6957,28
6958,18
6959,16
6960,17
6961,16
6962,15
6963,21
6964,22
6965,21
6966,20
6967,18
6968,22
6969,18
6970,21
6971,20
6972,25
6973,18
6974,18
6975,23
6976,16
6977,24
6978,14
6979,19
6980,21
6981,16
6982,14
6983,16
6984,17
6985,24
6986,15
6987,27
6988,19
6989,18
6990,23
6991,14
6992,13
6993,26
6994,17
6995,16
6996,21
6997,15
6998,15
6999,20
7000,18
7001,19
7002,19
7003,19
7004,18
7005,20
7006,23
7007,15
7008,20
7009,20
7010,29
7011,19
7012,18
7013,23
7014,19
7015,21
7016,15
7017,22
7018,19
7019,19
7020,22
7021,25
7022,21
7023,15
7024,24
7025,20
7026,21
7027,20
7028,18
7029,22
7030,14
7031,25
7032,21
7033,17
7034,21
7035,22
7036,23
7037,26
7038,22
7039,18
7040,24
7041,19
7042,23
7043,19
7044,23
7045,20
7046,16
7047,19
7048,13
7049,23
7050,18
7051,20
7052,22
7053,14
7054,23
7055,18
7056,15
7057,20
7058,21
7059,21
7060,22
7061,18
7062,23
7063,17
7064,22
7065,21
7066,22
7067,23
7068,23
7069,21
7070,16
7071,25
7072,18
7073,19
7074,16
7075,21
7076,28
7077,19
7078,22
7079,22
7080,24
7081,15
7082,19
7083,19
7084,25
7085,17
7086,21
7087,20
7088,22
7089,23
7090,18
7091,12
7092,20
7093,19
7094,19
7095,18
7096,18
7097,16
7098,25
7099,19
7100,19
7101,22
7102,27
7103,20
7104,23
7105,17
7106,21
7107,22
7108,18
7109,24
7110,22
7111,19
7112,17
7113,22
7114,25
7115,22
7116,26
7117,23
7118,17
7119,22
7120,20
7121,20
7122,20
7123,19
7124,21
7125,18
7126,19
7127,19
7128,18
7129,24
7130,25
7131,20
7132,17
7133,18
7134,25
7135,11
7136,19
7137,20
7138,19
7139,23
7140,23
7141,15
7142,20
7143,21
7144,22
7145,19
7146,19
7147,23
7148,23
7149,27
7150,13
7151,16
7152,22
7153,12
7154,20
7155,15
7156,22
7157,19
7158,22
7159,21
7160,26
7161,26
7162,24
7163,19
7164,18
7165,20
7166,20
7167,16
7168,13
7169,19
7170,17
7171,18
7172,19
7173,22
7174,24
7175,19
7176,24
7177,22
7178,18
7179,21
7180,17
7181,25
7182,23
7183,25
7184,16
7185,15
7186,16
7187,19
7188,21
7189,26
7190,19
7191,20
7192,21
7193,20
7194,14
7195,25
7196,24
7197,19
7198,17
7199,17
7200,23
7201,21
7202,23
7203,28
7204,18
7205,17
7206,17
7207,18
7208,18
7209,20
7210,24
7211,14
7212,19
7213,20
7214,21
7215,19
7216,18
7217,19
7218,17
7219,22
7220,15
7221,20
7222,19
7223,22
7224,14
7225,19
7226,19
7227,23
7228,20
7229,20
7230,16
7231,19
7232,25
7233,15
7234,17
7235,23
7236,15
7237,20
7238,17
7239,20
7240,18
7241,17
7242,18
7243,20
7244,21
7245,20
7246,16
7247,14
7248,20
7249,23
7250,20
7251,18
7252,21
7253,21
7254,14
7255,17
7256,24
7257,21
7258,18
7259,18
7260,21
7261,19
7262,19
7263,25
7264,16
7265,17
7266,23
7267,23
7268,24
7269,22
7270,24
7271,15
7272,18
7273,19
7274,20
7275,17
7276,18
7277,19
7278,22
7279,14
7280,17
7281,20
7282,25
7283,18
7284,12
7285,19
7286,19
7287,19
7288,20
7289,19
7290,12
7291,17
7292,16
7293,14
7294,18
7295,17
7296,22
7297,22
7298,21
7299,19
7300,16
7301,29
7302,21
7303,21
7304,23
7305,28
7306,16
7307,16
7308,23
7309,20
7310,28
7311,21
7312,23
7313,17
7314,23
7315,22
7316,28
7317,18
7318,23
7319,19
7320,23
7321,20
7322,24
7323,17
7324,25
7325,17
7326,22
7327,25
7328,15
7329,19
7330,18
7331,22
7332,18
7333,19
7334,22
7335,17
7336,19
7337,20
7338,17
7339,16
7340,16
7341,20
7342,15
7343,16
7344,25
7345,16
7346,23
7347,19
7348,23
7349,20
7350,23
7351,19
7352,20
7353,14
7354,19
7355,24
7356,13
7357,19
7358,25
7359,27
7360,21
7361,16
7362,20
7363,17
7364,21
7365,27
7366,23
7367,23
7368,13
7369,20
7370,20
7371,22
7372,15
7373,20
7374,15
7375,22
7376,14
7377,15
7378,14
7379,16
7380,24
7381,25
7382,18
7383,21
7384,19
7385,22
7386,19
7387,24
7388,15
7389,18
7390,21
7391,21
7392,22
7393,20
7394,22
7395,18
7396,17
7397,22
7398,20
7399,15
7400,17
7401,23
7402,18
7403,23
7404,18
7405,26
7406,18
7407,25
7408,20
7409,19
7410,10
7411,22
7412,13
7413,21
7414,18
7415,20
7416,19
7417,24
7418,12
7419,19
7420,21
7421,19
7422,16
7423,22
7424,22
7425,20
7426,21
7427,20
7428,23
7429,20
7430,22
7431,19
7432,12
7433,21
7434,25
7435,20
7436,15
7437,20
7438,20
7439,22
7440,18
7441,28
7442,22
7443,17
7444,18
7445,19
7446,16
7447,16
7448,17
7449,18
7450,20
7451,24
7452,23
7453,23
7454,24
7455,22
7456,18
7457,27
7458,22
7459,26
7460,14
7461,29
7462,17
7463,12
7464,15
7465,18
7466,19
7467,16
7468,23
7469,18
7470,22
7471,22
7472,19
7473,15
7474,24
7475,17
7476,22
7477,19
7478,21
7479,21
7480,23
7481,14
7482,19
7483,16
7484,22
7485,19
7486,21
7487,25
7488,20
7489,15
7490,16
7491,15
7492,23
7493,19
7494,21
7495,17
7496,24
7497,14
7498,18
7499,14
7500,25
7501,23
7502,21
7503,21
7504,27
7505,21
7506,22
7507,20
7508,17
7509,18
7510,17
7511,20
7512,22
7513,25
7514,22
7515,17
7516,23
7517,26
7518,27
7519,23
7520,21
7521,21
7522,20
7523,22
7524,22
7525,17
7526,21
7527,23
7528,21
7529,17
7530,25
7531,22
7532,23
7533,21
7534,21
7535,18
7536,22
7537,20
7538,18
7539,19
7540,22
7541,23
7542,14
7543,14
7544,14
7545,20
7546,14
7547,20
7548,20
7549,19
7550,19
7551,22
7552,27
7553,19
7554,18
7555,15
7556,20
7557,18
7558,21
7559,23
7560,18
7561,18
7562,14
7563,15
7564,20
7565,19
7566,12
7567,20
7568,22
7569,23
7570,24
7571,24
7572,16
7573,19
7574,16
7575,28
7576,17
7577,21
7578,22
7579,17
7580,24
7581,20
7582,21
7583,21
7584,18
7585,19
7586,17
7587,22
7588,13
7589,21
7590,19
7591,25
7592,17
7593,15
7594,22
7595,18
7596,18
7597,17
7598,20
7599,22
7600,17
7601,22
7602,19
7603,16
7604,22
7605,19
7606,26
7607,21
7608,20
7609,20
7610,16
7611,22
7612,14
7613,20
7614,22
7615,21
7616,14
7617,19
7618,20
7619,10
7620,16
7621,21
7622,15
7623,18
7624,17
7625,19
7626,19
7627,26
7628,11
7629,21
7630,18
7631,23
7632,23
7633,20
7634,25
7635,19
7636,25
7637,17
7638,17
7639,21
7640,22
7641,21
7642,17
7643,16
7644,23
7645,17
7646,21
7647,13
7648,28
7649,14
7650,20
7651,19
7652,21
7653,21
7654,25
7655,26
7656,16
7657,19
7658,17
7659,16
7660,18
7661,23
7662,20
7663,21
7664,21
7665,15
7666,24
7667,14
7668,19
7669,16
7670,14
7671,22
7672,21
7673,17
7674,19
7675,20
7676,27
7677,18
7678,13
7679,21
7680,19
7681,22
7682,25
7683,29
7684,26
7685,22
7686,23
7687,26
7688,24
7689,20
7690,24
7691,20
7692,18
7693,20
7694,19
7695,22
7696,16
7697,18
7698,20
7699,22
7700,19
7701,25
7702,20
7703,24
7704,26
7705,17
7706,20
7707,20
7708,20
7709,20
7710,18
7711,16
7712,18
7713,22
7714,23
7715,18
7716,23
7717,13
7718,18
7719,16
7720,22
7721,23
7722,17
7723,20
7724,23
7725,20
7726,16
7727,22
7728,18
7729,25
7730,21
7731,22
7732,21
7733,19
7734,23
7735,17
7736,14
7737,23
7738,19
7739,17
7740,19
7741,11
7742,23
7743,25
7744,18
7745,10
7746,28
7747,21
7748,16
7749,25
7750,21
7751,23
7752,17
7753,21
7754,21
7755,20
7756,19
7757,24
7758,19
7759,16
7760,21
7761,20
7762,21
7763,15
7764,20
7765,18
7766,27
7767,18
7768,15
7769,22
7770,18
7771,17
7772,21
7773,20
7774,23
7775,23
7776,25
7777,24
7778,25
7779,21
7780,22
7781,16
7782,16
7783,20
7784,21
7785,14
7786,25
7787,16
7788,16
7789,20
7790,19
7791,24
7792,19
7793,23
7794,24
7795,23
7796,24
7797,16
7798,22
7799,24
7800,18
7801,20
7802,23
7803,14
7804,17
7805,26
7806,21
7807,22
7808,17
7809,21
7810,23
7811,24
7812,25
7813,19
7814,20
7815,16
7816,25
7817,16
7818,13
7819,18
7820,17
7821,17
7822,18
7823,24
7824,19
7825,19
7826,22
7827,16
7828,23
7829,21
7830,17
7831,17
7832,19
7833,22
7834,18
7835,17
7836,24
7837,27
7838,20
7839,22
7840,14
7841,22
7842,16
7843,23
7844,23
7845,14
7846,20
7847,19
7848,17
7849,15
7850,14
7851,21
7852,22
7853,19
7854,18
7855,19
7856,19
7857,18
7858,17
7859,25
7860,22
7861,19
7862,16
7863,15
7864,25
7865,15
7866,22
7867,19
7868,20
7869,17
7870,19
7871,20
7872,21
7873,21
7874,29
7875,13
7876,19
7877,16
7878,15
7879,19
7880,18
7881,18
7882,19
7883,20
7884,27
7885,29
7886,23
7887,23
7888,22
7889,12
7890,25
7891,24
7892,19
7893,20
7894,17
7895,20
7896,23
7897,19
7898,22
7899,18
7900,21
7901,18
7902,17
7903,16
7904,19
7905,22
7906,15
7907,18
7908,17
7909,20
7910,17
7911,15
7912,24
7913,18
7914,24
7915,20
7916,17
7917,18
7918,20
7919,21
7920,21
7921,23
7922,19
7923,18
7924,14
7925,14
7926,19
7927,15
7928,16
7929,20
7930,23
7931,21
7932,17
7933,18
7934,17
7935,18
7936,25
7937,15
7938,20
7939,20
7940,18
7941,19
7942,23
7943,21
7944,20
7945,20
7946,23
7947,22
7948,25
7949,15
7950,22
7951,14
7952,25
7953,16
7954,24
7955,19
7956,20
7957,13
7958,18
7959,24
7960,24
7961,20
7962,17
7963,13
7964,15
7965,19
7966,19
7967,23
7968,22
7969,22
7970,26
7971,19
7972,25
7973,16
7974,17
7975,26
7976,21
7977,17
7978,23
7979,21
7980,12
7981,16
7982,12
7983,17
7984,13
7985,23
7986,14
7987,12
7988,12
7989,15
7990,16
7991,18
7992,20
7993,20
7994,19
7995,19
7996,22
7997,13
7998,18
7999,21
8000,19
8001,23
8002,23
8003,14
8004,20
8005,22
8006,21
8007,16
8008,18
8009,21
8010,28
8011,29
8012,19
8013,21
8014,16
8015,21
8016,19
8017,20
8018,22
8019,32
8020,13
8021,19
8022,21
8023,24
8024,19
8025,17
8026,20
8027,18
8028,20
8029,23
8030,15
8031,19
8032,14
8033,20
8034,24
8035,22
8036,19
8037,16
8038,29
8039,19
8040,21
8041,22
8042,16
8043,21
8044,21
8045,16
8046,13
8047,22
8048,16
8049,20
8050,16
8051,25
8052,21
8053,23
8054,21
8055,24
8056,25
8057,22
8058,23
8059,21
8060,26
8061,22
8062,21
8063,21
8064,23
8065,17
8066,24
8067,23
8068,14
8069,15
8070,22
8071,17
8072,19
8073,18
8074,22
8075,20
8076,14
8077,15
8078,15
8079,21
8080,25
8081,21
8082,17
8083,22
8084,21
8085,15
8086,16
8087,16
8088,21
8089,18
8090,17
8091,22
8092,15
8093,15
8094,23
8095,19
8096,19
8097,21
8098,19
8099,21
8100,19
8101,19
8102,19
8103,20
8104,18
8105,26
8106,16
8107,14
8108,31
8109,21
8110,20
8111,21
8112,24
8113,19
8114,23
8115,22
8116,18
8117,18
8118,21
8119,21
8120,18
8121,20
8122,18
8123,16
8124,23
8125,23
8126,22
8127,16
8128,26
8129,21
8130,14
8131,21
8132,23
8133,23
8134,21
8135,15
8136,22
8137,15
8138,25
8139,20
8140,24
8141,26
8142,23
8143,24
8144,26
8145,15
8146,23
8147,24
8148,16
8149,25
8150,21
8151,17
8152,22
8153,24
8154,18
8155,20
8156,24
8157,22
8158,19
8159,19
8160,27
8161,22
8162,19
8163,24
8164,19
8165,21
8166,21
8167,22
8168,22
8169,25
8170,19
8171,21
8172,20
8173,16
8174,14
8175,22
8176,22
8177,17
8178,24
8179,23
8180,24
8181,18
8182,20
8183,24
8184,19
8185,23
8186,16
8187,25
8188,15
8189,18
8190,17
8191,25
8192,26
8193,19
8194,25
8195,17
8196,24
8197,18
8198,21
8199,23
8200,22
8201,20
8202,24
8203,24
8204,22
8205,17
8206,22
8207,19
8208,21
8209,23
8210,16
8211,15
8212,21
8213,13
8214,16
8215,22
8216,17
8217,23
8218,21
8219,13
8220,25
8221,29
8222,23
8223,11
8224,19
8225,17
8226,20
8227,21
8228,21
8229,20
8230,14
8231,23
8232,17
8233,26
8234,25
8235,17
8236,19
8237,23
8238,21
8239,21
8240,19
8241,21
8242,22
8243,15
8244,24
8245,15
8246,20
8247,18
8248,22
8249,18
8250,20
8251,17
8252,15
8253,19
8254,30
8255,18
8256,24
8257,22
8258,18
8259,18
8260,20
8261,19
8262,25
8263,14
8264,20
8265,24
8266,23
8267,20
8268,25
8269,18
8270,22
8271,14
8272,24
8273,25
8274,17
8275,26
8276,13
8277,16
8278,26
8279,22
8280,19
8281,21
8282,20
8283,13
8284,22
8285,21
8286,18
8287,16
8288,16
8289,19
8290,21
8291,23
8292,19
8293,23
8294,18
8295,29
8296,15
8297,22
8298,23
8299,16
8300,24
8301,22
8302,22
8303,16
8304,19
8305,17
8306,18
8307,17
8308,16
8309,23
8310,20
8311,23
8312,21
8313,19
8314,19
8315,16
8316,19
8317,17
8318,22
8319,16
8320,22
8321,16
8322,14
8323,17
8324,21
8325,19
8326,19
8327,20
8328,19
8329,20
8330,20
8331,17
8332,27
8333,19
8334,19
8335,13
8336,18
8337,19
8338,15
8339,27
8340,22
8341,16
8342,19
8343,13
8344,14
8345,20
8346,22
8347,18
8348,21
8349,20
8350,18
8351,20
8352,27
8353,14
8354,27
8355,24
8356,22
8357,21
8358,26
8359,20
8360,18
8361,20
8362,27
8363,22
8364,13
8365,17
8366,11
8367,18
8368,22
8369,23
8370,25
8371,14
8372,19
8373,18
8374,20
8375,19
8376,17
8377,20
8378,24
8379,16
8380,20
8381,21
8382,15
8383,19
8384,23
8385,23
8386,25
8387,21
8388,18
8389,15
8390,18
8391,21
8392,21
8393,20
8394,21
8395,20
8396,19
8397,24
8398,19
8399,17
8400,19
8401,21
8402,20
8403,26
8404,20
8405,23
8406,25
8407,19
8408,23
8409,20
8410,23
8411,22
8412,20
8413,24
8414,18
8415,20
8416,16
8417,15
8418,21
8419,26
8420,16
8421,27
8422,18
8423,17
8424,23
8425,16
8426,13
8427,23
8428,23
8429,20
8430,17
8431,16
8432,16
8433,23
8434,21
8435,24
8436,21
8437,20
8438,15
8439,23
8440,20
8441,25
8442,19
8443,17
8444,26
8445,20
8446,16
8447,24
8448,22
8449,25
8450,20
8451,22
8452,19
8453,15
8454,18
8455,21
8456,23
8457,25
8458,17
8459,21
8460,18
8461,26
8462,16
8463,18
8464,20
8465,12
8466,23
8467,17
8468,22
8469,18
8470,21
8471,19
8472,26
8473,23
8474,21
8475,18
8476,14
8477,21
8478,23
8479,19
8480,20
8481,25
8482,19
8483,20
8484,19
8485,19
8486,23
8487,19
8488,20
8489,19
8490,23
8491,21
8492,25
8493,19
8494,24
8495,23
8496,15
8497,20
8498,18
8499,19
8500,19
8501,22
8502,19
8503,15
8504,17
8505,18
8506,22
8507,22
8508,18
8509,15
8510,13
8511,25
8512,22
8513,13
8514,19
8515,18
8516,19
8517,22
8518,19
8519,23
8520,17
8521,21
8522,17
8523,19
8524,22
8525,22
8526,20
8527,19
8528,19
8529,23
8530,24
8531,15
8532,15
8533,20
8534,18
8535,20
8536,17
8537,20
8538,21
8539,17
8540,14
8541,19
8542,18
8543,14
8544,23
8545,15
8546,20
8547,22
8548,19
8549,13
8550,21
8551,14
8552,24
8553,17
8554,19
8555,17
8556,21
8557,20
8558,14
8559,20
8560,16
8561,18
8562,17
8563,17
8564,16
8565,17
8566,22
8567,18
8568,21
8569,19
8570,22
8571,20
8572,23
8573,19
8574,24
8575,23
8576,19
8577,23
8578,19
8579,19
8580,27
8581,24
8582,19
8583,13
8584,18
8585,19
8586,21
8587,18
8588,12
8589,21
8590,24
8591,15
8592,20
8593,14
8594,21
8595,25
8596,16
8597,18
8598,18
8599,24
8600,19
8601,22
8602,20
8603,23
8604,22
8605,23
8606,24
8607,23
8608,19
8609,20
8610,15
8611,23
8612,16
8613,19
8614,14
8615,24
8616,19
8617,17
8618,14
8619,24
8620,21
8621,23
8622,19
8623,20
8624,17
8625,15
8626,17
8627,11
8628,17
8629,17
8630,13
8631,23
8632,21
8633,20
8634,16
8635,20
8636,15
8637,19
8638,18
8639,19
8640,26
8641,11
8642,22
8643,13
8644,29
8645,24
8646,23
8647,25
8648,15
8649,20
8650,20
8651,22
8652,17
8653,20
8654,20
8655,24
8656,21
8657,22
8658,16
8659,20
8660,16
8661,18
8662,17
8663,21
8664,18
8665,21
8666,25
8667,15
8668,19
8669,26
8670,25
8671,20
8672,18
8673,16
8674,19
8675,21
8676,18
8677,17
8678,25
8679,19
8680,17
8681,20
8682,26
8683,25
8684,25
8685,15
8686,13
8687,22
8688,19
8689,18
8690,26
8691,19
8692,25
8693,15
8694,20
8695,14
8696,17
8697,20
8698,18
8699,21
8700,22
8701,23
8702,25
8703,12
8704,20
8705,28
8706,18
8707,24
8708,23
8709,18
8710,19
8711,19
8712,24
8713,30
8714,17
8715,18
8716,18
8717,18
8718,20
8719,20
8720,20
8721,24
8722,16
8723,24
8724,9
8725,23
8726,19
8727,17
8728,27
8729,21
8730,20
8731,20
8732,17
8733,26
8734,24
8735,20
8736,25
8737,18
8738,15
8739,23
8740,17
8741,22
8742,23
8743,26
8744,21
8745,21
8746,26
8747,22
8748,12
8749,19
8750,21
8751,19
8752,21
8753,14
8754,16
8755,15
8756,22
8757,16
8758,21
8759,20
8760,20
8761,27
8762,15
8763,14
8764,17
8765,23
8766,23
8767,16
8768,16
8769,23
8770,20
8771,18
8772,20
8773,23
8774,18
8775,21
8776,29
8777,21
8778,26
8779,15
8780,29
8781,21
8782,13
8783,23
8784,20
8785,17
8786,19
8787,18
8788,22
8789,20
8790,24
8791,20
8792,16
8793,22
8794,18
8795,20
8796,20
8797,21
8798,27
8799,15
8800,23
8801,22
8802,23
8803,21
8804,25
8805,21
8806,27
8807,13
8808,17
8809,19
8810,33
8811,20
8812,17
8813,18
8814,12
8815,20
8816,20
8817,18
8818,13
8819,18
8820,23
8821,26
8822,24
8823,18
8824,16
8825,20
8826,17
8827,27
8828,20
8829,20
8830,19
8831,22
8832,18
8833,21
8834,17
8835,24
8836,21
8837,15
8838,23
8839,26
8840,16
8841,15
8842,17
8843,21
8844,23
8845,22
8846,22
8847,19
8848,20
8849,16
8850,24
8851,15
8852,21
8853,22
8854,18
8855,18
8856,23
8857,21
8858,23
8859,18
8860,16
8861,20
8862,25
8863,24
8864,20
8865,22
8866,16
8867,19
8868,16
8869,20
8870,23
8871,26
8872,21
8873,24
8874,27
8875,21
8876,20
8877,19
8878,20
8879,24
8880,23
8881,18
8882,23
8883,14
8884,20
8885,21
8886,15
8887,21
8888,23
8889,22
8890,21
8891,26
8892,22
8893,18
8894,23
8895,18
8896,21
8897,17
8898,17
8899,22
8900,18
8901,20
8902,18
8903,20
8904,15
8905,23
8906,24
8907,17
8908,23
8909,17
8910,21
8911,24
8912,25
8913,23
8914,23
8915,27
8916,19
8917,27
8918,16
8919,21
8920,17
8921,18
8922,19
8923,20
8924,20
8925,16
8926,18
8927,16
8928,16
8929,20
8930,14
8931,16
8932,20
8933,20
8934,20
8935,18
8936,19
8937,22
8938,22
8939,26
8940,22
8941,14
8942,26
8943,27
8944,20
8945,16
8946,18
8947,23
8948,17
8949,17
8950,20
8951,20
8952,24
8953,18
8954,24
8955,20
8956,23
8957,21
8958,13
8959,18
8960,19
8961,19
8962,17
8963,17
8964,16
8965,19
8966,23
8967,19
8968,21
8969,22
8970,15
8971,18
8972,20
8973,20
8974,22
8975,25
8976,22
8977,24
8978,22
8979,21
8980,20
8981,21
8982,26
8983,20
8984,24
8985,22
8986,23
8987,17
8988,20
8989,19
8990,16
8991,17
8992,19
8993,20
8994,24
8995,21
8996,23
8997,13
8998,19
8999,23
9000,20
9001,19
9002,24
9003,21
9004,20
9005,16
9006,20
9007,22
9008,16
9009,18
9010,20
9011,27
9012,15
9013,20
9014,20
9015,20
9016,19
9017,20
9018,21
9019,18
9020,24
9021,26
9022,19
9023,21
9024,19
9025,25
9026,14
9027,20
9028,23
9029,19
9030,18
9031,21
9032,21
9033,22
9034,21
9035,17
9036,21
9037,14
9038,17
9039,16
9040,19
9041,18
9042,31
9043,18
9044,20
9045,27
9046,18
9047,19
9048,16
9049,17
9050,21
9051,26
9052,20
9053,10
9054,21
9055,15
9056,24
9057,24
9058,10
9059,19
9060,18
9061,22
9062,17
9063,22
9064,20
9065,19
9066,20
9067,21
9068,18
9069,22
9070,17
9071,19
9072,19
9073,21
9074,19
9075,15
9076,18
9077,15
9078,23
9079,18
9080,22
9081,22
9082,16
9083,15
9084,20
9085,16
9086,21
9087,19
9088,19
9089,16
9090,20
9091,22
9092,19
9093,19
9094,24
9095,19
9096,19
9097,23
9098,20
9099,18
9100,20
9101,22
9102,17
9103,21
9104,18
9105,22
9106,20
9107,22
9108,18
9109,23
9110,21
9111,18
9112,19
9113,20
9114,21
9115,15
9116,22
9117,16
9118,21
9119,28
9120,12
9121,23
9122,21
9123,28
9124,17
9125,18
9126,19
9127,22
9128,21
9129,16
9130,18
9131,22
9132,21
9133,19
9134,21
9135,16
9136,21
9137,20
9138,29
9139,19
9140,23
9141,22
9142,17
9143,19
9144,18
9145,22
9146,14
9147,21
9148,23
9149,17
9150,14
9151,20
9152,26
9153,23
9154,25
9155,17
9156,21
9157,25
9158,22
9159,18
9160,22
9161,16
9162,23
9163,15
9164,23
9165,21
9166,22
9167,16
9168,23
9169,23
9170,24
9171,17
9172,24
9173,27
9174,20
9175,16
9176,20
9177,22
9178,21
9179,19
9180,18
9181,18
9182,22
9183,19
9184,19
9185,25
9186,22
9187,19
9188,15
9189,20
9190,22
9191,20
9192,22
9193,18
9194,12
9195,22
9196,18
9197,26
9198,17
9199,20
9200,17
9201,20
9202,17
9203,20
9204,17
9205,25
9206,24
9207,21
9208,21
9209,19
9210,16
9211,21
9212,17
9213,20
9214,17
9215,24
9216,30
9217,22
9218,22
9219,15
9220,20
9221,23
9222,18
9223,17
9224,21
9225,23
9226,22
9227,24
9228,12
9229,16
9230,16
9231,22
9232,17
9233,22
9234,21
9235,24
9236,20
9237,14
9238,26
9239,19
9240,23
9241,14
9242,28
9243,21
9244,25
9245,29
9246,24
9247,20
9248,17
9249,13
9250,24
9251,17
9252,25
9253,13
9254,18
9255,22
9256,23
9257,20
9258,21
9259,21
9260,22
9261,18
9262,15
9263,18
9264,26
9265,18
9266,21
9267,19
9268,16
9269,16
9270,22
9271,21
9272,15
9273,21
9274,16
9275,22
9276,16
9277,12
9278,19
9279,26
9280,19
9281,17
9282,19
9283,23
9284,15
9285,14
9286,23
9287,14
9288,26
9289,13
9290,25
9291,23
9292,18
9293,21
9294,20
9295,21
9296,18
9297,14
9298,25
9299,13
9300,16
9301,24
9302,13
9303,20
9304,22
9305,21
9306,24
9307,15
9308,24
9309,24
9310,25
9311,20
9312,24
9313,22
9314,20
9315,23
9316,21
9317,25
9318,22
9319,25
9320,18
9321,19
9322,24
9323,17
9324,28
9325,17
9326,24
9327,23
9328,24
9329,17
9330,20
9331,21
9332,17
9333,24
9334,17
9335,20
9336,23
9337,19
9338,17
9339,25
9340,16
9341,10
9342,18
9343,22
9344,19
9345,30
9346,22
9347,16
9348,16
9349,24
9350,21
9351,17
9352,18
9353,20
9354,21
9355,19
9356,22
9357,24
9358,25
9359,22
9360,15
9361,16
9362,22
9363,20
9364,19
9365,16
9366,21
9367,15
9368,18
9369,19
9370,20
9371,20
9372,19
9373,18
9374,23
9375,17
9376,25
9377,19
9378,12
9379,20
9380,22
9381,24
9382,17
9383,21
9384,21
9385,21
9386,18
9387,19
9388,22
9389,17
9390,20
9391,15
9392,21
9393,22
9394,17
9395,20
9396,25
9397,20
9398,18
9399,19
9400,21
9401,21
9402,20
9403,16
9404,23
9405,19
9406,19
9407,16
9408,24
9409,25
9410,19
9411,23
9412,17
9413,22
9414,18
9415,24
9416,22
9417,20
9418,18
9419,18
9420,24
9421,20
9422,18
9423,20
9424,23
9425,24
9426,23
9427,21
9428,21
9429,23
9430,13
9431,18
9432,23
9433,22
9434,21
9435,23
9436,23
9437,18
9438,21
9439,18
9440,20
9441,17
9442,17
9443,19
9444,17
9445,14
9446,15
9447,19
9448,22
9449,20
9450,18
9451,19
9452,19
9453,12
9454,27
9455,14
9456,18
9457,24
9458,16
9459,21
9460,16
9461,22
9462,22
9463,22
9464,19
9465,18
9466,17
9467,19
9468,20
9469,20
9470,23
9471,17
9472,21
9473,22
9474,16
9475,19
9476,16
9477,21
9478,19
9479,20
9480,22
9481,18
9482,22
9483,18
9484,19
9485,24
9486,17
9487,17
9488,17
9489,20
9490,25
9491,28
9492,18
9493,22
9494,19
9495,20
9496,21
9497,16
9498,25
9499,19
9500,14
9501,21
9502,22
9503,25
9504,20
9505,26
9506,20
9507,26
9508,15
9509,16
9510,29
9511,26
9512,25
9513,23
9514,20
9515,25
9516,26
9517,23
9518,22
9519,19
9520,19
9521,23
9522,21
9523,23
9524,19
9525,18
9526,22
9527,13
9528,19
9529,22
9530,23
9531,23
9532,21
9533,23
9534,19
9535,15
9536,18
9537,21
9538,16
9539,16
9540,24
9541,19
9542,16
9543,14
9544,23
9545,18
9546,18
9547,21
9548,16
9549,23
9550,22
9551,13
9552,16
9553,15
9554,20
9555,21
9556,18
9557,21
9558,20
9559,26
9560,20
9561,20
9562,15
9563,22
9564,23
9565,20
9566,15
9567,21
9568,22
9569,21
9570,18
9571,20
9572,18
9573,23
9574,21
9575,25
9576,17
9577,21
9578,20
9579,17
9580,22
9581,17
9582,29
9583,21
9584,18
9585,13
9586,21
9587,20
9588,25
9589,22
9590,21
9591,15
9592,22
9593,17
9594,19
9595,18
9596,16
9597,21
9598,19
9599,19
9600,20
9601,21
9602,20
9603,15
9604,21
9605,17
9606,25
9607,20
9608,13
9609,14
9610,20
9611,18
9612,18
9613,16
9614,15
9615,15
9616,22
9617,19
9618,14
9619,21
9620,21
9621,16
9622,20
9623,18
9624,16
9625,19
9626,14
9627,20
9628,25
9629,23
9630,18
9631,23
9632,23
9633,19
9634,13
9635,21
9636,19
9637,20
9638,17
9639,23
9640,20
9641,18
9642,22
9643,17
9644,18
9645,19
9646,21
9647,23
9648,15
9649,17
9650,24
9651,22
9652,18
9653,19
9654,17
9655,20
9656,11
9657,23
9658,21
9659,26
9660,21
9661,17
9662,16
9663,24
9664,23
9665,20
9666,22
9667,28
9668,19
9669,18
9670,18
9671,23
9672,20
9673,18
9674,19
9675,24
9676,25
9677,17
9678,15
9679,20
9680,15
9681,20
9682,23
9683,21
9684,22
9685,19
9686,18
9687,17
9688,18
9689,15
9690,21
9691,13
9692,19
9693,21
9694,20
9695,24
9696,16
9697,16
9698,22
9699,23
9700,14
9701,29
9702,21
9703,20
9704,19
9705,17
9706,27
9707,25
9708,21
9709,22
9710,19
9711,15
9712,19
9713,24
9714,22
9715,14
9716,15
9717,24
9718,16
9719,17
9720,18
9721,21
9722,18
9723,19
9724,22
9725,23
9726,21
9727,21
9728,19
9729,22
9730,24
9731,19
9732,15
9733,15
9734,26
9735,20
9736,22
9737,19
9738,13
9739,23
9740,19
9741,22
9742,17
9743,21
9744,21
9745,13
9746,18
9747,24
9748,25
9749,26
9750,16
9751,17
9752,24
9753,23
9754,20
9755,17
9756,21
9757,12
9758,14
9759,25
9760,24
9761,16
9762,29
9763,26
9764,23
9765,21
9766,25
9767,19
9768,22
9769,20
9770,17
9771,23
9772,21
9773,19
9774,15
9775,14
9776,19
9777,25
9778,22
9779,20
9780,19
9781,15
9782,23
9783,10
9784,14
9785,22
9786,26
9787,27
9788,20
9789,21
9790,23
9791,24
9792,19
9793,26
9794,23
9795,22
9796,26
9797,22
9798,17
9799,29
9800,17
9801,20
9802,24
9803,21
9804,22
9805,15
9806,21
9807,22
9808,19
9809,23
9810,17
9811,24
9812,18
9813,16
9814,21
9815,21
9816,17
9817,16
9818,12
9819,14
9820,20
9821,22
9822,26
9823,24
9824,15
9825,18
9826,20
9827,15
9828,21
9829,18
9830,28
9831,23
9832,20
9833,17
9834,22
9835,20
9836,15
9837,21
9838,22
9839,28
9840,20
9841,15
9842,20
9843,21
9844,22
9845,20
9846,22
9847,23
9848,17
9849,20
9850,21
9851,19
9852,17
9853,16
9854,23
9855,25
9856,24
9857,10
9858,19
9859,26
9860,23
9861,18
9862,18
9863,20
9864,18
9865,15
9866,12
9867,18
9868,22
9869,15
9870,19
9871,26
9872,21
9873,15
9874,22
9875,20
9876,21
9877,15
9878,18
9879,21
9880,15
9881,21
9882,24
9883,25
9884,23
9885,19
9886,18
9887,19
9888,24
9889,24
9890,19
9891,14
9892,16
9893,20
9894,19
9895,17
9896,15
9897,22
9898,18
9899,19
9900,17
9901,21
9902,19
9903,23
9904,24
9905,19
9906,21
9907,19
9908,22
9909,20
9910,22
9911,21
9912,19
9913,19
9914,20
9915,21
9916,20
9917,27
9918,22
9919,19
9920,25
9921,25
9922,13
9923,18
9924,23
9925,18
9926,19
9927,22
9928,22
9929,22
9930,16
9931,22
9932,15
9933,17
9934,24
9935,17
9936,18
9937,16
9938,19
9939,17
9940,21
9941,18
9942,19
9943,23
9944,13
9945,11
9946,24
9947,23
9948,17
9949,20
9950,27
9951,12
9952,24
9953,21
9954,20
9955,24
9956,20
9957,18
9958,25
9959,20
9960,22
9961,21
9962,20
9963,19
9964,9
9965,18
9966,14
9967,27
9968,24
9969,16
9970,21
9971,18
9972,24
9973,16
9974,16
9975,25
9976,13
9977,20
9978,22
9979,19
9980,23
9981,14
9982,23
9983,18
9984,20
9985,23
9986,19
9987,22
9988,22
9989,17
9990,23
9991,23
9992,26
9993,24
9994,12
9995,21
9996,16
9997,19
9998,26
9999,25
10000,17