rep,ort5,ort30
1,9.0,10.033333333333333
2,9.4,10.766666666666667
3,12.6,11.133333333333333
4,10.4,10.7
5,13.6,11.066666666666666
6,9.8,9.9
7,11.0,11.166666666666666
8,13.6,11.533333333333333
9,8.4,9.2
10,9.8,10.066666666666666
11,12.8,11.5
12,14.4,10.366666666666667
13,10.8,10.066666666666666
14,12.8,11.366666666666667
15,13.4,11.233333333333333
16,9.4,11.1
17,10.4,9.7
18,8.4,10.833333333333334
19,12.4,11.0
20,12.4,11.0
21,10.8,11.3
22,14.0,11.3
23,11.8,10.566666666666666
24,12.2,10.633333333333333
25,12.4,10.2
26,12.0,9.933333333333334
27,7.6,8.966666666666667
28,13.2,13.0
29,12.6,12.133333333333333
30,10.8,11.1
31,9.6,12.266666666666667
32,9.6,10.866666666666667
33,6.6,10.366666666666667
34,10.0,10.7
35,11.4,10.8
36,9.4,9.233333333333333
37,10.4,9.966666666666667
38,9.6,10.633333333333333
39,10.0,9.833333333333334
40,9.0,9.733333333333333
41,8.0,11.133333333333333
42,10.0,9.733333333333333
43,12.8,11.533333333333333
44,9.6,9.6
45,7.6,9.533333333333333
46,9.4,10.6
47,9.0,10.666666666666666
48,10.0,10.2
49,9.6,8.666666666666666
50,10.6,10.833333333333334
51,12.2,12.033333333333333
52,10.8,11.2
53,9.6,11.7
54,8.2,9.666666666666666
55,7.4,10.566666666666666
56,11.0,10.7
57,11.0,11.2
58,11.0,9.966666666666667
59,12.0,12.066666666666666
60,10.0,10.933333333333334
61,10.6,10.333333333333334
62,10.2,10.566666666666666
63,3.6,7.933333333333334
64,10.8,9.933333333333334
65,11.6,10.6
66,12.6,11.066666666666666
67,8.6,10.166666666666666
68,9.4,10.833333333333334
69,6.8,9.266666666666667
70,6.8,8.633333333333333
71,14.4,11.9
72,12.2,10.2
73,11.4,11.433333333333334
74,8.6,9.2
75,12.6,11.833333333333334
76,5.6,10.966666666666667
77,9.4,11.4
78,8.6,8.6
79,12.0,11.433333333333334
80,11.6,10.7
81,9.6,9.366666666666667
82,9.0,10.8
83,8.4,8.733333333333333
84,10.6,10.6
85,7.2,9.566666666666666
86,6.2,9.566666666666666
87,9.6,11.2
88,8.4,10.8
89,8.8,9.5
90,8.0,10.466666666666667
91,6.4,9.766666666666667
92,8.6,11.1
93,7.0,10.366666666666667
94,9.4,8.866666666666667
95,13.4,10.3
96,10.6,9.666666666666666
97,6.0,8.666666666666666
98,12.0,11.366666666666667
99,6.4,10.466666666666667
100,8.4,10.6
101,12.8,12.666666666666666
102,11.8,10.266666666666667
103,9.6,10.433333333333334
104,10.0,10.033333333333333
105,13.2,10.5
106,12.6,11.033333333333333
107,8.4,10.6
108,10.4,10.866666666666667
109,8.0,10.633333333333333
110,9.8,11.2
111,9.2,9.633333333333333
112,13.2,10.133333333333333
113,9.4,10.666666666666666
114,10.4,10.466666666666667
115,12.6,11.2
116,11.6,9.1
117,8.0,10.033333333333333
118,11.2,8.966666666666667
119,8.8,10.233333333333333
120,9.4,10.466666666666667
121,8.8,9.6
122,13.6,10.533333333333333
123,6.0,7.866666666666666
124,12.6,10.633333333333333
125,7.6,10.166666666666666
126,8.0,10.3
127,8.0,9.233333333333333
128,13.8,11.533333333333333
129,11.0,10.833333333333334
130,14.0,11.466666666666667
131,10.4,10.3
132,10.6,9.633333333333333
133,11.0,11.833333333333334
134,9.8,11.2
135,10.0,9.833333333333334
136,12.6,11.833333333333334
137,11.8,10.666666666666666
138,10.0,11.3
139,13.4,10.1
140,12.0,10.566666666666666
141,7.2,10.0
142,7.6,10.966666666666667
143,11.8,10.366666666666667
144,10.2,10.9
145,12.8,11.466666666666667
146,9.8,9.966666666666667
147,10.8,9.2
148,11.6,11.566666666666666
149,12.4,10.966666666666667
150,14.2,10.233333333333333
151,12.0,10.966666666666667
152,7.6,10.5
153,11.4,10.9
154,14.0,10.333333333333334
155,8.6,10.066666666666666
156,12.0,11.5
157,15.2,10.966666666666667
158,11.6,9.966666666666667
159,10.2,9.2
160,11.2,10.433333333333334
161,12.2,10.933333333333334
162,14.0,10.766666666666667
163,9.8,10.233333333333333
164,11.4,9.8
165,8.4,10.1
166,11.2,10.333333333333334
167,7.4,10.8
168,9.2,10.333333333333334
169,10.6,10.933333333333334
170,12.0,9.633333333333333
171,11.8,10.4
172,9.6,10.5
173,10.0,10.533333333333333
174,11.2,11.466666666666667
175,8.0,10.466666666666667
176,10.4,10.433333333333334
177,10.4,11.0
178,10.8,9.966666666666667
179,9.6,10.233333333333333
180,7.6,9.966666666666667
181,7.6,11.3
182,12.0,9.966666666666667
183,11.6,10.366666666666667
184,12.6,10.7
185,10.4,11.8
186,11.2,9.933333333333334
187,8.6,11.033333333333333
188,13.6,11.466666666666667
189,14.0,11.133333333333333
190,12.4,11.3
191,9.0,9.266666666666667
192,11.0,8.866666666666667
193,9.4,10.5
194,8.4,10.966666666666667
195,10.2,10.533333333333333
196,11.4,10.7
197,6.2,10.5
198,9.2,9.9
199,8.6,10.666666666666666
200,9.2,11.4
201,13.0,10.766666666666667
202,11.0,11.2
203,9.8,10.1
204,12.0,9.566666666666666
205,11.8,9.866666666666667
206,11.8,11.766666666666667
207,11.4,10.666666666666666
208,13.8,11.033333333333333
209,10.8,9.3
210,11.0,12.266666666666667
211,15.8,11.066666666666666
212,7.6,9.466666666666667
213,9.2,10.533333333333333
214,10.6,11.166666666666666
215,6.6,9.6
216,9.6,9.8
217,11.8,11.5
218,9.2,10.6
219,11.6,11.766666666666667
220,12.6,10.2
221,10.6,10.5
222,8.4,11.333333333333334
223,10.8,10.866666666666667
224,9.2,9.833333333333334
225,11.6,11.533333333333333
226,13.4,11.4
227,15.6,11.666666666666666
228,6.8,9.666666666666666
229,9.4,9.666666666666666
230,8.4,10.033333333333333
231,9.6,11.166666666666666
232,10.0,10.166666666666666
233,10.8,9.5
234,9.0,10.733333333333333
235,10.8,10.966666666666667
236,8.0,8.7
237,10.0,10.666666666666666
238,12.0,10.666666666666666
239,9.8,10.566666666666666
240,8.6,10.8
241,12.0,11.866666666666667
242,12.4,10.166666666666666
243,6.8,10.766666666666667
244,8.6,10.833333333333334
245,10.0,9.5
246,7.2,8.966666666666667
247,9.4,9.5
248,11.0,11.0
249,9.6,10.433333333333334
250,8.4,10.366666666666667
251,11.6,10.166666666666666
252,10.2,11.133333333333333
253,13.6,10.533333333333333
254,12.4,11.033333333333333
255,13.6,11.6
256,8.6,9.866666666666667
257,13.2,10.866666666666667
258,9.6,11.266666666666667
259,10.6,10.5
260,10.6,9.066666666666666
261,5.4,9.833333333333334
262,9.0,8.966666666666667
263,10.2,9.8
264,13.4,11.066666666666666
265,13.6,11.233333333333333
266,9.4,10.3
267,6.4,9.3
268,11.4,10.1
269,13.4,11.8
270,12.8,10.366666666666667
271,13.0,11.733333333333333
272,13.6,11.733333333333333
273,13.6,12.1
274,11.0,10.366666666666667
275,9.2,9.133333333333333
276,11.0,11.933333333333334
277,12.8,10.633333333333333
278,10.8,11.266666666666667
279,8.0,8.733333333333333
280,6.8,9.666666666666666
281,10.2,11.0
282,8.0,9.2
283,10.0,9.566666666666666
284,13.0,11.966666666666667
285,8.0,10.366666666666667
286,12.8,10.333333333333334
287,12.0,10.533333333333333
288,11.0,10.3
289,13.6,10.7
290,12.0,10.3
291,11.2,10.4
292,11.6,10.766666666666667
293,14.4,10.6
294,11.8,10.633333333333333
295,9.6,10.466666666666667
296,11.6,10.4
297,8.4,9.433333333333334
298,9.6,9.166666666666666
299,10.8,11.0
300,11.2,10.833333333333334
301,10.2,9.9
302,8.8,9.1
303,9.8,10.033333333333333
304,9.0,9.633333333333333
305,8.0,10.333333333333334
306,8.8,9.533333333333333
307,12.6,10.766666666666667
308,11.8,11.433333333333334
309,11.6,10.366666666666667
310,8.8,10.333333333333334
311,8.4,10.233333333333333
312,11.6,10.533333333333333
313,10.0,9.833333333333334
314,13.2,12.566666666666666
315,10.6,11.533333333333333
316,13.2,11.066666666666666
317,9.6,9.833333333333334
318,13.4,10.866666666666667
319,8.8,10.8
320,8.2,11.3
321,9.2,9.466666666666667
322,8.0,9.3
323,13.6,12.366666666666667
324,10.0,9.666666666666666
325,12.4,11.466666666666667
326,5.4,9.733333333333333
327,10.8,10.733333333333333
328,12.6,9.833333333333334
329,13.0,9.666666666666666
330,6.8,8.733333333333333
331,5.8,10.433333333333334
332,9.4,10.7
333,8.6,10.266666666666667
334,11.6,9.833333333333334
335,7.8,11.633333333333333
336,8.6,10.033333333333333
337,11.0,10.333333333333334
338,13.8,10.233333333333333
339,8.4,9.366666666666667
340,10.0,9.3
341,7.6,9.7
342,10.8,10.1
343,10.4,11.166666666666666
344,6.6,9.866666666666667
345,9.0,11.566666666666666
346,9.2,10.066666666666666
347,6.8,9.366666666666667
348,10.8,12.233333333333333
349,6.2,9.733333333333333
350,10.4,9.233333333333333
351,8.6,11.166666666666666
352,12.8,11.133333333333333
353,9.4,10.1
354,14.6,11.833333333333334
355,7.8,9.966666666666667
356,11.6,10.933333333333334
357,10.4,8.966666666666667
358,12.4,10.2
359,12.6,10.833333333333334
360,8.4,9.833333333333334
361,9.6,11.3
362,6.2,10.766666666666667
363,9.0,10.066666666666666
364,10.6,10.133333333333333
365,8.2,11.0
366,11.8,11.066666666666666
367,11.0,12.233333333333333
368,10.2,10.3
369,9.8,11.133333333333333
370,9.4,10.166666666666666
371,8.0,9.533333333333333
372,10.8,10.1
373,9.4,10.633333333333333
374,12.4,10.133333333333333
375,12.2,9.8
376,12.8,8.933333333333334
377,12.6,10.833333333333334
378,7.6,8.7
379,9.8,9.2
380,8.6,8.566666666666666
381,9.0,9.233333333333333
382,10.6,9.2
383,11.2,10.1
384,6.0,10.333333333333334
385,10.8,10.3
386,7.8,10.366666666666667
387,12.8,10.7
388,13.2,10.666666666666666
389,13.0,11.633333333333333
390,8.6,9.833333333333334
391,7.0,9.433333333333334
392,13.2,10.2
393,12.6,11.1
394,5.4,8.766666666666667
395,11.2,10.3
396,9.6,9.033333333333333
397,10.2,10.233333333333333
398,7.6,9.366666666666667
399,11.8,10.266666666666667
400,9.0,10.3
401,12.4,11.066666666666666
402,11.4,10.3
403,8.2,10.433333333333334
404,12.2,9.8
405,14.6,11.2
406,9.0,9.533333333333333
407,13.4,12.166666666666666
408,12.4,10.866666666666667
409,8.2,10.033333333333333
410,6.8,10.366666666666667
411,10.0,10.033333333333333
412,14.6,10.966666666666667
413,9.8,9.666666666666666
414,6.0,9.833333333333334
415,10.8,10.566666666666666
416,11.2,10.933333333333334
417,10.6,10.666666666666666
418,6.8,10.233333333333333
419,12.4,10.733333333333333
420,9.2,10.333333333333334
421,9.4,10.666666666666666
422,11.0,10.5
423,11.2,11.433333333333334
424,10.2,10.433333333333334
425,12.0,10.233333333333333
426,11.0,11.033333333333333
427,12.4,11.8
428,6.8,9.866666666666667
429,5.6,8.8
430,7.8,9.8
431,8.4,10.5
432,12.6,11.566666666666666
433,10.8,10.366666666666667
434,11.0,10.566666666666666
435,8.8,9.533333333333333
436,8.6,8.433333333333334
437,14.0,10.266666666666667
438,11.4,10.366666666666667
439,12.0,11.066666666666666
440,12.0,10.5
441,11.4,10.566666666666666
442,7.8,8.3
443,11.4,9.4
444,12.2,10.766666666666667
445,9.6,10.266666666666667
446,5.4,9.766666666666667
447,12.0,9.9
448,12.4,11.4
449,9.2,9.766666666666667
450,10.4,11.633333333333333
451,12.4,11.833333333333334
452,10.8,10.1
453,10.0,9.7
454,13.0,11.433333333333334
455,11.6,10.2
456,12.2,10.066666666666666
457,8.4,11.633333333333333
458,10.2,10.933333333333334
459,12.0,10.0
460,11.0,11.333333333333334
461,8.4,10.066666666666666
462,9.2,10.966666666666667
463,11.6,11.366666666666667
464,12.4,10.9
465,8.8,11.033333333333333
466,12.4,10.766666666666667
467,12.2,11.0
468,5.8,10.0
469,10.0,11.833333333333334
470,11.0,10.566666666666666
471,13.8,11.6
472,8.8,10.233333333333333
473,11.8,11.6
474,13.4,8.9
475,6.8,8.966666666666667
476,12.2,9.4
477,10.4,10.766666666666667
478,13.0,9.766666666666667
479,8.6,9.233333333333333
480,8.8,10.833333333333334
481,13.4,10.333333333333334
482,8.6,10.5
483,10.2,11.233333333333333
484,11.2,11.1
485,9.0,8.866666666666667
486,5.8,8.9
487,9.4,10.3
488,11.6,9.9
489,13.0,12.133333333333333
490,10.0,10.066666666666666
491,6.2,8.733333333333333
492,9.2,10.233333333333333
493,9.6,10.733333333333333
494,10.2,11.6
495,9.8,10.133333333333333
496,11.4,9.466666666666667
497,14.4,10.933333333333334
498,10.2,9.8
499,10.2,9.5
500,8.0,10.433333333333334
501,9.6,11.4
502,12.4,10.366666666666667
503,13.8,10.4
504,12.2,11.9
505,10.4,11.266666666666667
506,8.6,8.833333333333334
507,9.4,10.466666666666667
508,11.4,10.966666666666667
509,10.8,10.766666666666667
510,8.6,10.033333333333333
511,9.0,9.433333333333334
512,10.8,10.566666666666666
513,12.8,10.433333333333334
514,12.2,10.3
515,11.0,11.966666666666667
516,11.2,11.533333333333333
517,11.2,10.466666666666667
518,12.6,12.2
519,11.8,11.5
520,12.2,9.333333333333334
521,12.8,10.666666666666666
522,10.0,9.433333333333334
523,10.8,9.566666666666666
524,11.6,10.4
525,5.6,9.033333333333333
526,11.8,9.866666666666667
527,11.2,10.566666666666666
528,10.8,10.266666666666667
529,9.4,9.566666666666666
530,9.4,10.8
531,13.8,11.466666666666667
532,10.6,10.6
533,11.2,11.166666666666666
534,12.6,9.5
535,13.0,10.133333333333333
536,12.6,11.6
537,12.0,10.7
538,8.6,12.133333333333333
539,7.0,10.333333333333334
540,6.2,10.3
541,9.2,10.0
542,10.0,10.366666666666667
543,8.2,10.4
544,7.0,9.733333333333333
545,11.6,10.0
546,12.4,9.4
547,6.6,10.233333333333333
548,11.2,10.033333333333333
549,10.6,10.6
550,11.2,10.866666666666667
551,8.6,11.066666666666666
552,11.2,11.7
553,9.0,10.366666666666667
554,11.4,10.033333333333333
555,12.0,10.566666666666666
556,13.2,11.8
557,11.4,8.9
558,11.2,10.033333333333333
559,10.2,9.566666666666666
560,9.8,11.2
561,11.0,10.7
562,9.0,10.033333333333333
563,11.4,10.5
564,7.6,9.566666666666666
565,9.4,11.4
566,8.8,9.7
567,13.8,11.966666666666667
568,14.4,10.866666666666667
569,11.8,10.666666666666666
570,7.4,10.1
571,13.4,11.1
572,9.2,9.366666666666667
573,11.2,9.633333333333333
574,10.8,9.733333333333333
575,12.4,11.0
576,12.8,11.266666666666667
577,14.4,10.566666666666666
578,9.6,10.333333333333334
579,10.2,9.8
580,11.6,9.9
581,9.2,9.833333333333334
582,11.0,11.933333333333334
583,10.2,8.466666666666667
584,10.4,9.966666666666667
585,10.0,11.2
586,9.2,10.066666666666666
587,10.4,10.366666666666667
588,12.6,10.833333333333334
589,10.6,10.4
590,10.6,10.566666666666666
591,13.2,8.3
592,10.8,11.0
593,9.6,9.666666666666666
594,7.2,9.366666666666667
595,5.4,7.733333333333333
596,11.4,10.8
597,5.8,10.9
598,10.8,12.133333333333333
599,10.4,11.5
600,10.6,10.633333333333333
601,9.0,10.466666666666667
602,12.8,10.533333333333333
603,12.2,11.233333333333333
604,10.4,11.1
605,10.6,11.866666666666667
606,12.8,10.733333333333333
607,9.4,8.9
608,9.4,10.2
609,11.6,9.766666666666667
610,10.0,10.833333333333334
611,8.0,9.466666666666667
612,9.8,11.1
613,9.0,8.7
614,9.0,9.366666666666667
615,9.8,9.566666666666666
616,10.2,9.8
617,12.4,10.466666666666667
618,11.8,10.433333333333334
619,9.4,10.466666666666667
620,8.8,10.233333333333333
621,11.6,11.366666666666667
622,11.4,10.6
623,6.4,10.0
624,6.2,9.433333333333334
625,10.0,9.5
626,12.6,11.666666666666666
627,14.4,10.833333333333334
628,8.8,10.9
629,10.2,10.3
630,9.4,9.766666666666667
631,11.0,11.366666666666667
632,6.4,9.966666666666667
633,10.0,11.2
634,10.6,11.1
635,11.4,10.8
636,12.2,9.633333333333333
637,14.0,11.1
638,10.0,11.266666666666667
639,12.8,12.333333333333334
640,10.4,8.433333333333334
641,7.6,9.9
642,5.2,10.466666666666667
643,11.0,11.7
644,10.4,9.8
645,4.6,8.833333333333334
646,11.6,12.133333333333333
647,6.6,8.866666666666667
648,10.4,10.533333333333333
649,12.8,10.2
650,8.0,9.033333333333333
651,10.4,9.766666666666667
652,9.8,9.9
653,11.4,10.666666666666666
654,7.8,10.4
655,6.2,10.2
656,6.6,10.166666666666666
657,6.6,11.466666666666667
658,10.2,9.433333333333334
659,11.2,11.4
660,11.2,11.933333333333334
661,13.0,11.466666666666667
662,10.8,10.4
663,9.4,9.1
664,4.6,9.2
665,12.2,11.366666666666667
666,9.4,10.833333333333334
667,8.2,10.2
668,11.0,10.866666666666667
669,9.4,10.466666666666667
670,9.6,10.933333333333334
671,11.0,11.033333333333333
672,10.4,10.4
673,9.0,9.133333333333333
674,11.0,10.433333333333334
675,10.8,9.3
676,9.6,9.866666666666667
677,11.0,9.8
678,11.6,11.7
679,7.8,9.933333333333334
680,9.2,10.766666666666667
681,11.0,9.533333333333333
682,9.6,10.433333333333334
683,10.0,10.8
684,9.4,10.266666666666667
685,10.8,10.2
686,12.4,11.366666666666667
687,9.4,10.066666666666666
688,10.0,11.133333333333333
689,5.2,8.3
690,11.6,10.766666666666667
691,13.6,11.2
692,11.6,10.666666666666666
693,11.4,10.533333333333333
694,8.6,11.633333333333333
695,9.6,10.6
696,12.6,10.4
697,10.2,9.966666666666667
698,11.4,11.533333333333333
699,8.6,10.733333333333333
700,11.0,9.833333333333334
701,7.4,9.4
702,8.6,10.966666666666667
703,10.0,10.466666666666667
704,11.2,9.566666666666666
705,10.2,10.133333333333333
706,12.0,9.7
707,13.2,8.466666666666667
708,10.4,10.066666666666666
709,11.2,9.9
710,11.6,11.533333333333333
711,12.2,10.333333333333334
712,10.6,11.433333333333334
713,8.8,10.966666666666667
714,8.6,8.833333333333334
715,6.8,9.133333333333333
716,11.0,9.733333333333333
717,13.4,11.566666666666666
718,7.0,10.433333333333334
719,11.8,10.133333333333333
720,8.2,9.366666666666667
721,13.0,11.6
722,11.0,10.066666666666666
723,3.6,8.466666666666667
724,10.4,11.366666666666667
725,11.6,11.866666666666667
726,8.6,10.433333333333334
727,11.2,10.4
728,5.0,10.266666666666667
729,12.8,10.566666666666666
730,7.6,8.833333333333334
731,10.8,10.2
732,7.2,10.066666666666666
733,11.6,10.1
734,10.4,9.0
735,8.6,9.1
736,12.0,11.533333333333333
737,9.2,10.366666666666667
738,7.8,10.933333333333334
739,10.8,10.466666666666667
740,10.2,10.1
741,9.0,9.433333333333334
742,10.2,11.166666666666666
743,11.4,9.9
744,10.2,9.466666666666667
745,10.8,10.0
746,12.2,9.966666666666667
747,12.0,11.2
748,12.6,11.266666666666667
749,10.6,10.066666666666666
750,12.0,10.566666666666666
751,9.0,10.566666666666666
752,7.4,10.133333333333333
753,12.2,9.566666666666666
754,12.2,10.266666666666667
755,14.6,10.7
756,12.6,10.033333333333333
757,12.4,9.133333333333333
758,7.0,9.5
759,10.2,9.666666666666666
760,12.8,10.966666666666667
761,10.4,10.333333333333334
762,7.0,9.8
763,7.6,8.3
764,14.0,12.833333333333334
765,11.6,9.9
766,9.6,9.233333333333333
767,9.2,10.9
768,11.8,10.166666666666666
769,9.6,9.966666666666667
770,9.2,10.3
771,11.4,9.2
772,10.6,9.7
773,14.0,12.366666666666667
774,10.2,10.333333333333334
775,6.6,9.833333333333334
776,7.4,8.8
777,8.4,9.866666666666667
778,13.6,12.1
779,15.0,9.166666666666666
780,12.4,11.133333333333333
781,7.6,10.9
782,10.4,10.6
783,11.4,10.633333333333333
784,9.8,11.3
785,9.0,9.966666666666667
786,11.6,11.066666666666666
787,12.2,10.966666666666667
788,9.4,10.233333333333333
789,9.0,10.8
790,9.2,9.733333333333333
791,10.2,9.4
792,10.6,11.1
793,11.2,10.1
794,9.8,10.733333333333333
795,10.4,10.933333333333334
796,12.0,11.233333333333333
797,11.0,9.033333333333333
798,13.4,9.766666666666667
799,11.6,10.4
800,9.8,8.933333333333334
801,10.0,10.433333333333334
802,12.6,11.166666666666666
803,9.0,10.0
804,11.8,8.933333333333334
805,10.6,9.766666666666667
806,11.4,11.366666666666667
807,10.4,9.1
808,5.4,10.433333333333334
809,11.4,10.633333333333333
810,12.6,11.033333333333333
811,10.4,10.5
812,11.6,11.666666666666666
813,9.8,10.166666666666666
814,14.6,11.433333333333334
815,8.0,10.9
816,10.8,11.1
817,10.4,11.566666666666666
818,8.4,8.666666666666666
819,8.6,10.766666666666667
820,8.6,9.7
821,11.6,10.066666666666666
822,8.0,9.766666666666667
823,11.6,11.233333333333333
824,10.4,10.566666666666666
825,7.4,10.533333333333333
826,10.0,9.366666666666667
827,13.2,11.833333333333334
828,10.0,9.266666666666667
829,9.8,9.1
830,11.8,10.866666666666667
831,11.8,11.0
832,8.2,9.933333333333334
833,7.0,9.966666666666667
834,9.4,11.0
835,7.6,9.9
836,10.8,11.466666666666667
837,10.6,10.0
838,10.4,10.133333333333333
839,11.0,11.666666666666666
840,10.2,10.3
841,10.8,11.8
842,11.0,8.733333333333333
843,10.2,9.333333333333334
844,10.0,11.266666666666667
845,7.8,10.8
846,9.4,10.166666666666666
847,11.2,10.166666666666666
848,8.0,10.166666666666666
849,11.4,10.566666666666666
850,8.8,10.2
851,7.2,9.9
852,6.2,10.133333333333333
853,12.0,10.666666666666666
854,9.8,9.566666666666666
855,11.0,10.8
856,12.4,10.733333333333333
857,13.2,9.9
858,11.4,10.7
859,12.0,8.833333333333334
860,12.2,11.0
861,8.2,9.966666666666667
862,7.0,9.166666666666666
863,10.0,9.233333333333333
864,10.8,10.233333333333333
865,12.8,11.066666666666666
866,10.8,11.466666666666667
867,8.4,10.0
868,8.6,10.233333333333333
869,9.4,10.566666666666666
870,12.0,10.533333333333333
871,12.8,11.4
872,8.2,11.5
873,7.2,9.633333333333333
874,9.8,10.733333333333333
875,11.2,10.366666666666667
876,8.6,9.7
877,6.8,10.6
878,10.4,10.2
879,14.8,11.633333333333333
880,11.2,10.333333333333334
881,9.0,9.433333333333334
882,11.8,12.233333333333333
883,7.2,10.866666666666667
884,9.8,10.4
885,10.8,8.766666666666667
886,8.4,10.533333333333333
887,10.6,9.966666666666667
888,11.4,10.066666666666666
889,9.2,9.933333333333334
890,10.2,10.833333333333334
891,12.0,11.0
892,8.6,10.033333333333333
893,6.6,10.4
894,7.2,8.9
895,8.6,10.7
896,10.2,11.166666666666666
897,11.8,11.566666666666666
898,13.2,12.2
899,12.4,10.633333333333333
900,11.2,10.766666666666667
901,9.0,11.0
902,10.8,10.133333333333333
903,10.4,10.333333333333334
904,11.2,9.7
905,8.8,9.833333333333334
906,12.4,9.966666666666667
907,11.4,9.733333333333333
908,7.0,9.5
909,9.4,9.933333333333334
910,13.4,9.866666666666667
911,12.0,10.5
912,9.6,10.8
913,10.8,10.366666666666667
914,10.8,10.8
915,8.0,10.166666666666666
916,3.8,9.966666666666667
917,11.4,11.633333333333333
918,9.4,12.266666666666667
919,10.2,10.233333333333333
920,8.2,10.9
921,7.8,9.266666666666667
922,10.2,11.1
923,13.4,10.4
924,3.6,7.733333333333333
925,13.0,11.566666666666666
926,9.0,10.533333333333333
927,10.2,10.366666666666667
928,10.4,9.966666666666667
929,7.6,10.733333333333333
930,10.0,10.9
931,14.2,11.266666666666667
932,5.2,10.166666666666666
933,11.0,10.866666666666667
934,12.2,11.8
935,6.8,10.533333333333333
936,9.8,10.533333333333333
937,11.8,10.666666666666666
938,10.2,12.233333333333333
939,10.0,8.866666666666667
940,9.8,11.1
941,12.2,11.3
942,8.6,10.633333333333333
943,9.8,9.066666666666666
944,11.2,11.1
945,11.4,10.3
946,11.4,10.633333333333333
947,7.6,9.166666666666666
948,11.6,11.266666666666667
949,7.6,9.366666666666667
950,15.0,11.1
951,10.4,9.666666666666666
952,12.2,10.933333333333334
953,7.4,9.633333333333333
954,7.8,10.066666666666666
955,11.6,10.133333333333333
956,12.2,10.033333333333333
957,11.0,9.833333333333334
958,7.2,10.566666666666666
959,9.8,10.233333333333333
960,12.4,11.2
961,8.6,10.0
962,11.2,10.933333333333334
963,11.8,9.4
964,9.8,10.133333333333333
965,9.8,10.033333333333333
966,11.8,11.166666666666666
967,10.6,9.7
968,5.6,9.833333333333334
969,10.6,10.733333333333333
970,12.4,11.433333333333334
971,8.4,10.066666666666666
972,10.8,10.0
973,12.0,11.9
974,8.8,10.4
975,12.0,10.3
976,10.0,11.166666666666666
977,10.2,11.266666666666667
978,14.4,9.1
979,9.0,9.866666666666667
980,12.4,10.333333333333334
981,9.0,11.966666666666667
982,11.6,10.533333333333333
983,11.6,11.3
984,14.0,10.566666666666666
985,14.2,11.1
986,12.0,10.833333333333334
987,6.2,8.733333333333333
988,9.4,11.833333333333334
989,12.2,12.3
990,11.4,11.133333333333333
991,13.6,11.066666666666666
992,7.2,10.866666666666667
993,10.6,10.166666666666666
994,13.4,10.3
995,8.8,9.966666666666667
996,11.8,10.433333333333334
997,7.2,9.566666666666666
998,11.8,11.0
999,11.4,10.133333333333333
1000,8.4,10.0
1001,13.6,7.7
1002,10.4,12.2
1003,6.0,10.166666666666666
1004,13.2,9.766666666666667
1005,9.8,10.233333333333333
1006,5.8,8.633333333333333
1007,11.6,9.566666666666666
1008,6.8,9.733333333333333
1009,11.6,10.833333333333334
1010,7.8,10.466666666666667
1011,12.6,11.266666666666667
1012,7.6,10.2
1013,12.8,10.233333333333333
1014,10.0,11.9
1015,9.8,10.8
1016,13.0,11.733333333333333
1017,8.2,9.7
1018,5.8,10.0
1019,10.0,10.6
1020,9.2,10.5
1021,11.6,11.533333333333333
1022,10.4,10.133333333333333
1023,11.2,11.266666666666667
1024,10.2,10.266666666666667
1025,7.8,11.3
1026,10.6,10.9
1027,12.4,10.766666666666667
1028,5.0,10.4
1029,13.4,11.9
1030,8.4,9.666666666666666
1031,5.0,9.2
1032,10.0,10.333333333333334
1033,13.0,10.3
1034,8.4,10.366666666666667
1035,9.0,9.433333333333334
1036,10.2,10.533333333333333
1037,8.6,9.5
1038,10.4,10.566666666666666
1039,10.0,9.633333333333333
1040,12.6,9.0
1041,11.4,10.5
1042,11.4,11.3
1043,12.8,11.633333333333333
1044,10.4,10.733333333333333
1045,10.0,9.8
1046,13.2,10.333333333333334
1047,12.2,11.1
1048,10.6,9.733333333333333
1049,9.2,11.033333333333333
1050,9.6,10.2
1051,10.0,10.866666666666667
1052,11.6,9.7
1053,9.4,10.266666666666667
1054,12.2,10.866666666666667
1055,11.2,10.966666666666667
1056,9.0,9.7
1057,10.8,8.1
1058,9.0,10.833333333333334
1059,9.8,10.966666666666667
1060,7.2,7.533333333333333
1061,10.0,9.866666666666667
1062,10.0,10.9
1063,10.0,10.6
1064,12.0,11.4
1065,9.0,10.666666666666666
1066,10.8,10.833333333333334
1067,11.2,10.3
1068,7.0,10.0
1069,10.2,9.5
1070,8.4,10.733333333333333
1071,8.2,9.766666666666667
1072,12.6,10.266666666666667
1073,9.0,9.566666666666666
1074,8.6,10.333333333333334
1075,9.4,10.566666666666666
1076,9.2,10.1
1077,14.2,11.533333333333333
1078,10.6,10.766666666666667
1079,11.4,10.766666666666667
1080,9.8,10.033333333333333
1081,10.2,10.933333333333334
1082,9.4,9.166666666666666
1083,8.4,8.566666666666666
1084,4.4,9.5
1085,4.4,10.933333333333334
1086,11.0,10.133333333333333
1087,10.2,10.133333333333333
1088,7.8,10.6
1089,13.6,11.133333333333333
1090,12.0,11.4
1091,11.0,10.133333333333333
1092,12.2,11.533333333333333
1093,8.0,9.933333333333334
1094,13.8,10.533333333333333
1095,8.4,9.5
1096,9.2,8.666666666666666
1097,8.8,10.166666666666666
1098,9.4,10.933333333333334
1099,10.2,10.666666666666666
1100,11.4,10.466666666666667
1101,10.8,10.733333333333333
1102,6.6,8.866666666666667
1103,10.8,9.933333333333334
1104,14.0,11.166666666666666
1105,7.8,10.0
1106,11.0,9.9
1107,12.2,10.0
1108,13.4,11.4
1109,7.4,10.9
1110,11.8,10.333333333333334
1111,5.4,9.466666666666667
1112,8.4,10.566666666666666
1113,10.8,11.266666666666667
1114,10.2,10.966666666666667
1115,10.0,10.166666666666666
1116,10.0,10.5
1117,11.2,11.033333333333333
1118,12.6,11.5
1119,12.6,11.266666666666667
1120,7.6,10.033333333333333
1121,10.8,10.033333333333333
1122,12.6,9.733333333333333
1123,9.0,9.433333333333334
1124,14.8,11.3
1125,13.2,11.1
1126,11.2,10.6
1127,10.6,9.366666666666667
1128,9.2,9.966666666666667
1129,11.4,11.466666666666667
1130,10.4,10.166666666666666
1131,7.8,10.066666666666666
1132,10.4,10.833333333333334
1133,7.4,10.8
1134,13.0,12.133333333333333
1135,9.0,10.3
1136,8.6,10.5
1137,9.8,11.433333333333334
1138,13.6,11.4
1139,8.2,9.9
1140,13.2,11.3
1141,10.6,12.3
1142,9.4,10.8
1143,12.6,11.4
1144,12.2,11.2
1145,10.8,9.966666666666667
1146,14.8,11.733333333333333
1147,10.8,10.666666666666666
1148,11.6,10.1
1149,9.8,8.466666666666667
1150,10.0,11.066666666666666
1151,9.8,9.366666666666667
1152,8.4,10.4
1153,12.8,10.633333333333333
1154,9.6,11.133333333333333
1155,12.6,10.266666666666667
1156,9.0,10.433333333333334
1157,8.8,9.833333333333334
1158,8.6,8.7
1159,14.0,10.0
1160,6.2,10.4
1161,11.6,10.633333333333333
1162,11.2,8.933333333333334
1163,9.6,9.8
1164,12.2,11.833333333333334
1165,8.6,9.9
1166,11.4,11.233333333333333
1167,11.8,10.066666666666666
1168,7.4,8.466666666666667
1169,8.0,9.833333333333334
1170,6.2,9.4
1171,11.0,9.866666666666667
1172,12.6,11.433333333333334
1173,8.4,9.3
1174,5.0,10.466666666666667
1175,8.8,10.133333333333333
1176,12.8,9.7
1177,10.8,9.466666666666667
1178,11.4,10.6
1179,13.0,9.366666666666667
1180,10.2,11.1
1181,11.2,9.666666666666666
1182,10.8,11.2
1183,10.4,11.033333333333333
1184,6.2,8.8
1185,11.0,10.466666666666667
1186,10.8,9.7
1187,11.4,10.2
1188,11.0,9.9
1189,9.4,9.5
1190,11.8,10.833333333333334
1191,6.8,10.066666666666666
1192,10.4,10.0
1193,12.6,10.833333333333334
1194,12.8,12.1
1195,10.0,11.333333333333334
1196,13.0,11.933333333333334
1197,11.4,10.2
1198,13.6,12.433333333333334
1199,9.2,10.6
1200,6.8,9.6
1201,9.6,10.366666666666667
1202,8.6,9.066666666666666
1203,11.0,11.766666666666667
1204,12.2,10.566666666666666
1205,10.8,11.0
1206,9.2,10.966666666666667
1207,10.2,11.0
1208,9.2,11.233333333333333
1209,10.0,10.3
1210,13.0,11.333333333333334
1211,13.2,12.633333333333333
1212,8.2,9.7
1213,9.4,10.5
1214,11.4,10.9
1215,9.8,10.033333333333333
1216,10.6,10.833333333333334
1217,7.4,10.133333333333333
1218,5.8,9.9
1219,9.6,10.1
1220,10.8,9.766666666666667
1221,10.4,11.266666666666667
1222,11.0,10.666666666666666
1223,8.6,9.633333333333333
1224,13.6,9.533333333333333
1225,11.4,11.5
1226,10.0,10.433333333333334
1227,7.0,9.733333333333333
1228,10.6,11.166666666666666
1229,11.6,10.466666666666667
1230,11.8,10.5
1231,8.0,10.0
1232,8.4,9.7
1233,12.4,10.466666666666667
1234,10.0,10.5
1235,8.2,9.433333333333334
1236,6.8,10.266666666666667
1237,13.6,11.633333333333333
1238,15.4,11.033333333333333
1239,9.8,9.7
1240,6.8,10.3
1241,8.0,10.633333333333333
1242,10.8,10.333333333333334
1243,11.8,10.233333333333333
1244,9.4,11.033333333333333
1245,10.0,10.1
1246,8.0,9.533333333333333
1247,10.8,11.866666666666667
1248,9.2,9.933333333333334
1249,11.4,10.566666666666666
1250,12.0,10.4
1251,8.4,10.566666666666666
1252,14.0,11.1
1253,13.8,9.6
1254,10.8,10.866666666666667
1255,12.0,10.066666666666666
1256,11.2,11.7
1257,7.2,9.966666666666667
1258,11.6,10.733333333333333
1259,11.2,8.8
1260,9.2,10.666666666666666
1261,12.0,8.8
1262,6.8,10.7
1263,6.4,9.3
1264,8.8,10.433333333333334
1265,11.0,11.4
1266,12.8,11.5
1267,12.2,11.4
1268,13.8,11.5
1269,12.4,10.5
1270,11.2,9.966666666666667
1271,10.0,10.466666666666667
1272,11.0,9.366666666666667
1273,9.8,10.333333333333334
1274,12.2,10.833333333333334
1275,12.6,9.7
1276,8.2,10.233333333333333
1277,12.6,10.5
1278,13.6,11.366666666666667
1279,11.6,11.366666666666667
1280,8.8,11.633333333333333
1281,7.4,8.266666666666667
1282,11.8,9.766666666666667
1283,13.0,11.4
1284,11.4,11.466666666666667
1285,8.4,10.266666666666667
1286,3.4,9.1
1287,8.2,11.0
1288,10.2,10.4
1289,8.6,10.1
1290,13.0,10.866666666666667
1291,11.2,10.0
1292,8.4,9.9
1293,9.0,9.266666666666667
1294,10.0,9.966666666666667
1295,12.0,10.333333333333334
1296,13.6,9.566666666666666
1297,11.0,10.5
1298,11.0,10.166666666666666
1299,11.6,11.4
1300,10.2,10.333333333333334
1301,8.0,10.466666666666667
1302,8.0,11.566666666666666
1303,11.4,9.533333333333333
1304,7.2,10.566666666666666
1305,13.4,12.033333333333333
1306,11.4,10.366666666666667
1307,11.6,10.3
1308,11.2,9.166666666666666
1309,12.6,10.333333333333334
1310,11.8,10.533333333333333
1311,13.8,10.066666666666666
1312,12.0,10.133333333333333
1313,11.6,10.133333333333333
1314,10.4,10.266666666666667
1315,10.6,10.9
1316,8.6,9.633333333333333
1317,11.2,9.333333333333334
1318,8.2,10.1
1319,8.2,10.866666666666667
1320,12.0,9.766666666666667
1321,4.4,8.433333333333334
1322,11.2,9.966666666666667
1323,10.6,10.066666666666666
1324,13.6,10.766666666666667
1325,10.8,10.733333333333333
1326,10.8,9.5
1327,8.6,9.466666666666667
1328,6.4,9.966666666666667
1329,8.6,9.366666666666667
1330,7.8,9.2
1331,10.8,9.7
1332,13.2,12.2
1333,12.8,10.233333333333333
1334,10.2,9.4
1335,10.8,10.366666666666667
1336,10.2,9.366666666666667
1337,10.2,11.133333333333333
1338,9.0,10.433333333333334
1339,11.4,10.766666666666667
1340,10.8,10.766666666666667
1341,8.6,10.966666666666667
1342,5.4,10.8
1343,12.4,11.866666666666667
1344,12.0,9.633333333333333
1345,9.8,10.466666666666667
1346,11.6,11.666666666666666
1347,11.0,12.133333333333333
1348,9.6,9.433333333333334
1349,12.6,10.9
1350,14.8,10.533333333333333
1351,11.0,9.533333333333333
1352,13.8,12.133333333333333
1353,9.4,11.1
1354,11.6,10.933333333333334
1355,11.2,11.566666666666666
1356,12.8,11.7
1357,9.2,10.266666666666667
1358,11.8,10.433333333333334
1359,5.0,9.8
1360,8.0,9.6
1361,14.0,9.966666666666667
1362,8.6,9.6
1363,11.2,11.333333333333334
1364,11.8,10.033333333333333
1365,6.6,9.666666666666666
1366,8.0,10.2
1367,11.6,10.466666666666667
1368,10.2,11.733333333333333
1369,10.8,10.366666666666667
1370,11.2,10.9
1371,11.0,9.933333333333334
1372,8.6,10.066666666666666
1373,10.8,10.333333333333334
1374,12.6,11.466666666666667
1375,11.4,10.2
1376,13.6,11.733333333333333
1377,15.6,9.9
1378,10.2,9.9
1379,7.4,9.833333333333334
1380,15.4,12.1
1381,10.6,10.0
1382,9.4,10.066666666666666
1383,9.6,9.7
1384,12.8,9.5
1385,9.0,10.733333333333333
1386,11.4,11.366666666666667
1387,11.0,10.366666666666667
1388,8.4,10.066666666666666
1389,9.6,8.633333333333333
1390,12.0,11.533333333333333
1391,12.0,11.633333333333333
1392,10.0,9.7
1393,11.2,11.366666666666667
1394,7.4,7.366666666666666
1395,11.0,11.2
1396,11.4,9.266666666666667
1397,11.4,11.066666666666666
1398,8.2,10.8
1399,12.0,11.566666666666666
1400,8.0,10.833333333333334
1401,10.0,10.533333333333333
1402,9.4,10.133333333333333
1403,11.4,10.766666666666667
1404,12.0,11.466666666666667
1405,14.0,11.933333333333334
1406,12.6,11.733333333333333
1407,9.8,11.3
1408,10.6,11.033333333333333
1409,9.6,10.4
1410,10.6,11.7
1411,10.6,11.133333333333333
1412,11.6,8.5
1413,13.2,11.7
1414,13.0,10.333333333333334
1415,11.2,11.1
1416,8.6,10.1
1417,10.0,10.4
1418,5.6,10.0
1419,11.4,11.533333333333333
1420,5.0,9.1
1421,8.4,11.033333333333333
1422,9.6,10.1
1423,11.8,11.6
1424,8.6,10.866666666666667
1425,11.4,11.0
1426,11.4,10.466666666666667
1427,9.8,10.766666666666667
1428,9.0,11.933333333333334
1429,11.0,10.233333333333333
1430,13.4,10.666666666666666
1431,9.2,10.733333333333333
1432,10.8,10.6
1433,11.2,11.766666666666667
1434,11.6,9.566666666666666
1435,9.6,10.0
1436,12.0,9.666666666666666
1437,9.6,11.4
1438,10.8,10.9
1439,10.2,8.033333333333333
1440,9.6,11.3
1441,7.6,9.866666666666667
1442,9.6,9.3
1443,12.0,10.1
1444,12.2,11.1
1445,9.4,10.0
1446,11.8,10.7
1447,10.4,10.533333333333333
1448,10.4,11.433333333333334
1449,11.2,10.4
1450,9.4,11.333333333333334
1451,9.0,10.8
1452,11.6,10.5
1453,10.4,11.466666666666667
1454,9.8,9.8
1455,7.0,10.233333333333333
1456,12.6,11.933333333333334
1457,6.0,10.166666666666666
1458,7.8,9.966666666666667
1459,8.8,9.566666666666666
1460,10.4,9.033333333333333
1461,10.0,9.133333333333333
1462,11.0,9.933333333333334
1463,9.2,9.066666666666666
1464,7.8,10.2
1465,8.8,11.233333333333333
1466,12.0,9.766666666666667
1467,9.0,10.633333333333333
1468,11.8,10.766666666666667
1469,10.2,9.766666666666667
1470,10.2,10.533333333333333
1471,9.0,9.733333333333333
1472,10.2,9.633333333333333
1473,11.0,10.533333333333333
1474,11.2,9.333333333333334
1475,8.8,8.866666666666667
1476,12.4,11.466666666666667
1477,8.4,11.766666666666667
1478,13.2,11.1
1479,8.8,11.0
1480,8.4,10.433333333333334
1481,10.8,11.733333333333333
1482,11.2,10.6
1483,7.8,10.0
1484,9.0,10.7
1485,10.2,10.666666666666666
1486,9.4,10.1
1487,11.6,12.2
1488,10.6,10.766666666666667
1489,6.0,10.766666666666667
1490,10.2,10.466666666666667
1491,7.8,9.866666666666667
1492,8.6,9.9
1493,14.0,11.533333333333333
1494,7.2,9.333333333333334
1495,8.2,11.666666666666666
1496,11.8,9.9
1497,6.8,10.3
1498,12.2,11.133333333333333
1499,11.8,9.933333333333334
1500,12.0,9.366666666666667
1501,6.4,9.5
1502,13.0,12.433333333333334
1503,9.0,9.6
1504,11.0,10.3
1505,10.2,11.533333333333333
1506,11.8,11.366666666666667
1507,8.8,9.733333333333333
1508,8.2,9.833333333333334
1509,7.0,9.866666666666667
1510,11.0,9.866666666666667
1511,10.8,10.5
1512,12.4,9.833333333333334
1513,9.0,8.8
1514,12.4,9.933333333333334
1515,12.0,10.933333333333334
1516,13.0,10.933333333333334
1517,11.6,9.533333333333333
1518,9.8,10.266666666666667
1519,9.4,12.566666666666666
1520,9.0,9.566666666666666
1521,10.2,8.3
1522,8.8,10.733333333333333
1523,9.8,8.833333333333334
1524,12.0,8.2
1525,10.0,10.533333333333333
1526,10.4,10.766666666666667
1527,9.2,11.2
1528,12.4,10.3
1529,8.0,9.566666666666666
1530,11.8,11.233333333333333
1531,12.4,10.433333333333334
1532,12.0,11.366666666666667
1533,6.8,9.4
1534,12.6,11.633333333333333
1535,8.0,11.333333333333334
1536,10.0,10.133333333333333
1537,12.8,10.7
1538,8.2,10.0
1539,7.6,9.6
1540,9.2,8.866666666666667
1541,9.0,10.833333333333334
1542,9.4,10.766666666666667
1543,10.6,10.9
1544,10.2,9.5
1545,6.4,10.333333333333334
1546,11.4,10.3
1547,10.0,10.3
1548,12.2,9.9
1549,12.4,10.333333333333334
1550,10.6,10.466666666666667
1551,10.2,10.133333333333333
1552,9.8,10.1
1553,11.4,9.366666666666667
1554,7.8,9.733333333333333
1555,9.6,10.233333333333333
1556,9.0,10.066666666666666
1557,11.6,9.833333333333334
1558,10.0,10.366666666666667
1559,11.0,10.833333333333334
1560,9.0,9.0
1561,10.8,10.1
1562,9.6,10.2
1563,8.6,10.9
1564,8.6,10.2
1565,12.4,11.5
1566,12.4,12.2
1567,12.6,12.233333333333333
1568,7.2,9.766666666666667
1569,12.4,11.533333333333333
1570,12.2,9.4
1571,12.0,9.1
1572,9.2,9.6
1573,10.8,10.1
1574,9.6,9.566666666666666
1575,10.8,11.933333333333334
1576,11.0,11.4
1577,8.2,10.233333333333333
1578,11.4,10.5
1579,8.4,10.0
1580,8.0,9.366666666666667
1581,13.8,11.8
1582,6.6,8.6
1583,9.2,10.7
1584,12.4,11.433333333333334
1585,10.6,8.433333333333334
1586,11.8,11.166666666666666
1587,11.2,11.333333333333334
1588,12.4,10.6
1589,12.6,10.833333333333334
1590,10.0,10.866666666666667
1591,10.2,9.1
1592,12.2,12.4
1593,11.6,11.366666666666667
1594,13.6,11.233333333333333
1595,7.6,10.366666666666667
1596,12.8,10.933333333333334
1597,9.0,10.5
1598,8.6,10.0
1599,3.8,9.0
1600,13.0,10.833333333333334
1601,12.0,10.366666666666667
1602,16.2,11.8
1603,12.0,10.233333333333333
1604,13.0,11.1
1605,12.4,10.8
1606,12.0,12.1
1607,10.2,9.966666666666667
1608,11.8,9.833333333333334
1609,5.2,9.9
1610,10.6,10.266666666666667
1611,14.0,11.2
1612,13.2,12.233333333333333
1613,12.0,10.633333333333333
1614,10.4,10.6
1615,10.6,11.033333333333333
1616,12.0,8.4
1617,12.0,9.533333333333333
1618,12.8,9.5
1619,13.0,10.9
1620,8.6,11.233333333333333
1621,5.6,10.333333333333334
1622,11.2,10.7
1623,11.0,9.533333333333333
1624,13.0,11.366666666666667
1625,8.8,11.033333333333333
1626,10.6,9.8
1627,11.8,11.266666666666667
1628,9.2,10.233333333333333
1629,9.2,10.733333333333333
1630,10.2,10.233333333333333
1631,7.8,8.833333333333334
1632,10.8,9.966666666666667
1633,12.0,9.566666666666666
1634,13.4,11.466666666666667
1635,8.8,10.9
1636,9.8,9.633333333333333
1637,10.4,9.933333333333334
1638,10.4,11.566666666666666
1639,11.0,11.3
1640,9.6,10.366666666666667
1641,11.0,10.7
1642,10.4,8.333333333333334
1643,12.2,10.1
1644,11.6,11.5
1645,7.6,10.666666666666666
1646,13.4,9.4
1647,9.4,9.0
1648,7.0,11.033333333333333
1649,11.6,11.166666666666666
1650,10.8,11.966666666666667
1651,10.0,9.7
1652,9.2,10.533333333333333
1653,11.6,9.066666666666666
1654,10.0,10.366666666666667
1655,12.4,12.466666666666667
1656,8.2,9.833333333333334
1657,12.2,10.166666666666666
1658,8.4,11.533333333333333
1659,10.0,10.933333333333334
1660,10.6,9.9
1661,12.0,11.066666666666666
1662,8.8,10.766666666666667
1663,11.4,9.866666666666667
1664,10.4,8.966666666666667
1665,15.8,10.733333333333333
1666,12.0,9.966666666666667
1667,11.6,10.366666666666667
1668,11.4,9.233333333333333
1669,8.8,10.3
1670,8.8,10.266666666666667
1671,11.0,10.433333333333334
1672,12.4,10.5
1673,10.2,11.333333333333334
1674,9.4,12.4
1675,12.6,10.633333333333333
1676,12.2,10.5
1677,12.4,10.366666666666667
1678,9.6,10.333333333333334
1679,11.6,10.766666666666667
1680,11.2,9.766666666666667
1681,7.0,10.966666666666667
1682,11.2,11.133333333333333
1683,12.0,11.633333333333333
1684,10.4,9.966666666666667
1685,9.0,11.166666666666666
1686,7.0,9.8
1687,11.6,9.1
1688,8.8,9.066666666666666
1689,10.4,10.433333333333334
1690,6.6,9.533333333333333
1691,12.6,10.666666666666666
1692,8.2,9.166666666666666
1693,7.4,9.9
1694,12.8,10.566666666666666
1695,13.6,12.3
1696,13.2,10.766666666666667
1697,7.8,10.033333333333333
1698,11.0,9.433333333333334
1699,11.4,12.4
1700,11.0,10.033333333333333
1701,12.4,11.3
1702,10.8,8.7
1703,9.8,10.4
1704,11.0,11.2
1705,9.0,10.866666666666667
1706,12.2,11.233333333333333
1707,6.6,9.933333333333334
1708,8.8,10.266666666666667
1709,13.0,12.066666666666666
1710,9.2,10.7
1711,8.6,9.833333333333334
1712,8.0,10.866666666666667
1713,9.0,11.066666666666666
1714,14.2,11.566666666666666
1715,12.8,9.733333333333333
1716,5.8,10.866666666666667
1717,7.2,10.266666666666667
1718,8.8,9.266666666666667
1719,12.0,10.9
1720,9.4,10.0
1721,11.2,9.233333333333333
1722,11.2,11.666666666666666
1723,9.2,10.266666666666667
1724,7.8,9.666666666666666
1725,12.4,10.766666666666667
1726,11.2,11.3
1727,10.0,11.366666666666667
1728,12.0,10.933333333333334
1729,10.4,9.733333333333333
1730,11.2,10.2
1731,10.2,8.833333333333334
1732,8.4,9.833333333333334
1733,7.8,10.233333333333333
1734,11.6,11.033333333333333
1735,12.6,10.233333333333333
1736,10.2,9.533333333333333
1737,12.0,10.466666666666667
1738,9.4,10.333333333333334
1739,11.0,10.066666666666666
1740,9.6,9.733333333333333
1741,11.2,10.166666666666666
1742,11.8,11.266666666666667
1743,9.8,9.0
1744,14.2,11.2
1745,13.4,10.6
1746,8.8,10.3
1747,11.4,11.266666666666667
1748,13.4,10.4
1749,9.4,8.766666666666667
1750,7.2,9.766666666666667
1751,10.8,9.233333333333333
1752,11.8,10.666666666666666
1753,10.0,8.7
1754,11.8,9.666666666666666
1755,11.4,11.933333333333334
1756,6.0,10.266666666666667
1757,13.4,11.733333333333333
1758,10.6,10.5
1759,11.4,11.4
1760,12.0,10.066666666666666
1761,10.6,10.6
1762,11.2,10.433333333333334
1763,10.8,10.833333333333334
1764,10.0,9.733333333333333
1765,7.4,10.033333333333333
1766,11.2,10.3
1767,12.4,12.1
1768,9.6,9.733333333333333
1769,7.4,9.733333333333333
1770,9.8,9.866666666666667
1771,8.4,8.9
1772,7.2,10.6
1773,13.8,11.933333333333334
1774,12.6,12.333333333333334
1775,11.8,10.3
1776,11.8,10.533333333333333
1777,10.0,11.533333333333333
1778,9.0,11.966666666666667
1779,9.8,10.2
1780,13.2,11.433333333333334
1781,10.0,10.0
1782,11.2,11.133333333333333
1783,9.0,9.833333333333334
1784,9.6,8.833333333333334
1785,12.6,10.366666666666667
1786,6.6,10.266666666666667
1787,11.0,10.633333333333333
1788,11.4,11.1
1789,10.2,10.766666666666667
1790,5.8,10.066666666666666
1791,12.6,11.033333333333333
1792,7.4,10.2
1793,5.4,8.466666666666667
1794,11.8,10.066666666666666
1795,8.0,10.933333333333334
1796,13.2,11.666666666666666
1797,6.6,8.233333333333333
1798,9.2,10.466666666666667
1799,12.6,10.766666666666667
1800,11.2,11.666666666666666
1801,11.4,10.633333333333333
1802,9.4,11.4
1803,10.8,11.4
1804,12.6,12.033333333333333
1805,12.2,9.533333333333333
1806,11.6,9.033333333333333
1807,13.4,11.433333333333334
1808,12.8,9.6
1809,10.4,10.866666666666667
1810,9.4,10.8
1811,8.8,10.8
1812,12.2,10.233333333333333
1813,11.0,11.6
1814,9.4,10.066666666666666
1815,10.0,10.266666666666667
1816,12.2,10.866666666666667
1817,12.8,11.633333333333333
1818,6.2,9.2
1819,6.4,10.6
1820,11.0,11.3
1821,10.0,10.566666666666666
1822,8.0,10.633333333333333
1823,12.2,11.033333333333333
1824,8.4,10.666666666666666
1825,11.8,10.5
1826,12.4,11.433333333333334
1827,7.2,10.466666666666667
1828,6.6,10.5
1829,9.8,10.233333333333333
1830,12.0,11.6
1831,10.2,10.3
1832,13.4,10.433333333333334
1833,10.0,10.166666666666666
1834,8.6,10.033333333333333
1835,10.2,9.766666666666667
1836,8.2,10.5
1837,4.0,10.2
1838,15.0,12.666666666666666
1839,12.0,9.766666666666667
1840,10.6,10.033333333333333
1841,12.6,11.333333333333334
1842,7.8,10.1
1843,11.8,10.633333333333333
1844,8.2,9.266666666666667
1845,10.4,10.933333333333334
1846,12.0,10.733333333333333
1847,9.8,10.633333333333333
1848,12.8,10.4
1849,11.6,9.633333333333333
1850,11.2,10.166666666666666
1851,11.6,11.6
1852,12.4,10.366666666666667
1853,12.0,11.766666666666667
1854,13.6,11.266666666666667
1855,12.2,11.3
1856,11.0,10.3
1857,13.4,10.6
1858,13.4,11.266666666666667
1859,12.2,10.233333333333333
1860,12.8,10.5
1861,11.8,11.633333333333333
1862,14.8,11.733333333333333
1863,10.6,10.433333333333334
1864,6.2,8.966666666666667
1865,12.4,10.533333333333333
1866,10.2,9.7
1867,12.4,10.733333333333333
1868,11.0,10.4
1869,9.8,10.9
1870,8.4,10.7
1871,9.2,9.3
1872,14.0,10.8
1873,9.6,10.033333333333333
1874,13.2,10.266666666666667
1875,6.0,10.1
1876,10.6,10.533333333333333
1877,13.4,11.133333333333333
1878,9.2,11.366666666666667
1879,6.6,8.9
1880,9.2,10.1
1881,10.2,10.3
1882,12.6,10.133333333333333
1883,11.0,11.133333333333333
1884,10.6,10.666666666666666
1885,7.6,8.6
1886,5.0,10.366666666666667
1887,7.8,8.766666666666667
1888,7.2,8.366666666666667
1889,10.0,10.766666666666667
1890,9.6,10.266666666666667
1891,9.0,9.566666666666666
1892,13.6,11.366666666666667
1893,13.8,12.166666666666666
1894,11.4,10.866666666666667
1895,12.8,10.7
1896,10.2,10.033333333333333
1897,11.6,9.933333333333334
1898,9.4,9.866666666666667
1899,14.2,11.566666666666666
1900,8.2,10.433333333333334
1901,10.6,10.233333333333333
1902,10.0,9.366666666666667
1903,11.8,10.6
1904,10.2,9.433333333333334
1905,10.0,9.866666666666667
1906,7.6,10.866666666666667
1907,12.2,10.333333333333334
1908,10.4,11.133333333333333
1909,10.8,10.366666666666667
1910,11.8,10.866666666666667
1911,12.0,11.366666666666667
1912,10.6,9.9
1913,15.0,10.866666666666667
1914,11.4,10.2
1915,11.0,10.133333333333333
1916,14.2,10.533333333333333
1917,9.6,10.6
1918,11.6,10.3
1919,13.0,10.366666666666667
1920,8.6,11.2
1921,10.6,10.433333333333334
1922,12.8,11.166666666666666
1923,10.2,10.633333333333333
1924,11.0,10.233333333333333
1925,9.8,12.1
1926,11.4,10.4
1927,12.0,9.866666666666667
1928,8.6,9.4
1929,9.2,9.966666666666667
1930,12.4,9.5
1931,13.2,10.333333333333334
1932,11.0,11.133333333333333
1933,7.8,10.5
1934,10.2,9.033333333333333
1935,10.6,9.766666666666667
1936,10.0,10.766666666666667
1937,11.0,9.766666666666667
1938,7.2,9.933333333333334
1939,10.0,10.566666666666666
1940,13.2,11.5
1941,10.0,11.566666666666666
1942,12.0,10.866666666666667
1943,10.8,11.866666666666667
1944,9.6,9.866666666666667
1945,9.6,11.233333333333333
1946,14.0,11.133333333333333
1947,11.4,9.966666666666667
1948,9.8,11.5
1949,11.6,10.466666666666667
1950,10.6,10.266666666666667
1951,12.0,10.333333333333334
1952,11.0,11.433333333333334
1953,9.4,10.5
1954,6.0,8.4
1955,8.0,8.533333333333333
1956,13.2,10.266666666666667
1957,9.2,10.7
1958,8.0,10.333333333333334
1959,10.6,11.633333333333333
1960,9.6,10.466666666666667
1961,12.0,11.266666666666667
1962,10.4,9.433333333333334
1963,12.2,11.766666666666667
1964,12.8,10.833333333333334
1965,10.8,10.9
1966,5.6,9.333333333333334
1967,8.6,9.5
1968,11.6,10.033333333333333
1969,10.6,9.566666666666666
1970,10.4,8.833333333333334
1971,12.2,9.833333333333334
1972,8.8,9.933333333333334
1973,12.4,10.1
1974,9.2,9.666666666666666
1975,15.0,10.1
1976,9.2,10.166666666666666
1977,10.2,11.166666666666666
1978,10.2,10.533333333333333
1979,12.2,11.666666666666666
1980,6.0,10.5
1981,11.8,10.7
1982,12.0,10.433333333333334
1983,12.2,10.766666666666667
1984,10.4,7.9
1985,11.4,10.866666666666667
1986,9.0,10.133333333333333
1987,9.8,10.866666666666667
1988,15.0,11.066666666666666
1989,10.2,9.966666666666667
1990,13.4,11.733333333333333
1991,13.2,9.866666666666667
1992,11.4,11.166666666666666
1993,11.0,10.7
1994,10.8,10.3
1995,14.6,12.033333333333333
1996,4.8,9.333333333333334
1997,2.8,8.2
1998,13.2,10.366666666666667
1999,9.2,9.8
2000,13.2,11.7