file,sha256
chapter-map.csv,64710564336339552b84cfba8dde0332733c503834de1204b6ca1e45c245b7f6
csv/b01.csv,6f3bebb6b6cf6b05267ded9cfba27e7b1c24dafab1bc30aeaa0d254d86eb5a41
csv/b02.csv,6f3bebb6b6cf6b05267ded9cfba27e7b1c24dafab1bc30aeaa0d254d86eb5a41
csv/b03.csv,6f3bebb6b6cf6b05267ded9cfba27e7b1c24dafab1bc30aeaa0d254d86eb5a41
csv/b04.csv,30a5ba510607ea72f3834088069f7cd6fe4cdf1461aef22acc751d49436fef0a
csv/b05.csv,7b17f94304513e0990667bfb17ac04fe21ab37ef8b7798f7f8a3600ac8408055
csv/b06.csv,d665be057bd71a59c649c85ef84e8769196951fe21ac906ad6001fa12f006950
csv/b07.csv,6f3bebb6b6cf6b05267ded9cfba27e7b1c24dafab1bc30aeaa0d254d86eb5a41
csv/b08.csv,6f3bebb6b6cf6b05267ded9cfba27e7b1c24dafab1bc30aeaa0d254d86eb5a41
csv/b09.csv,6f3bebb6b6cf6b05267ded9cfba27e7b1c24dafab1bc30aeaa0d254d86eb5a41
csv/b10.csv,6f3bebb6b6cf6b05267ded9cfba27e7b1c24dafab1bc30aeaa0d254d86eb5a41
csv/b11.csv,6f3bebb6b6cf6b05267ded9cfba27e7b1c24dafab1bc30aeaa0d254d86eb5a41
csv/b12.csv,6f3bebb6b6cf6b05267ded9cfba27e7b1c24dafab1bc30aeaa0d254d86eb5a41
csv/b13.csv,6f3bebb6b6cf6b05267ded9cfba27e7b1c24dafab1bc30aeaa0d254d86eb5a41
csv/b14.csv,6f3bebb6b6cf6b05267ded9cfba27e7b1c24dafab1bc30aeaa0d254d86eb5a41
excel/b01.xlsx,c0430a0420d08ae8b4fb2c286535dee5f767c54a2c699d9a15d71f4359b3f605
excel/b02.xlsx,c0430a0420d08ae8b4fb2c286535dee5f767c54a2c699d9a15d71f4359b3f605
excel/b03.xlsx,c0430a0420d08ae8b4fb2c286535dee5f767c54a2c699d9a15d71f4359b3f605
excel/b04.xlsx,64eec19fbe46250baa8d500668ac4b23db244c71434b36419c38a4d326c9654c
excel/b05.xlsx,49adbfdce3e65ea864ab08648bc7de305fe2f39728554f206ad175214263c918
excel/b06.xlsx,dcadc4911826432cb530806fe552c240f268586d1d3f6b654b57e6cc30726581
excel/b07.xlsx,c0430a0420d08ae8b4fb2c286535dee5f767c54a2c699d9a15d71f4359b3f605
excel/b08.xlsx,c0430a0420d08ae8b4fb2c286535dee5f767c54a2c699d9a15d71f4359b3f605
excel/b09.xlsx,c0430a0420d08ae8b4fb2c286535dee5f767c54a2c699d9a15d71f4359b3f605
excel/b10.xlsx,c0430a0420d08ae8b4fb2c286535dee5f767c54a2c699d9a15d71f4359b3f605
excel/b11.xlsx,c0430a0420d08ae8b4fb2c286535dee5f767c54a2c699d9a15d71f4359b3f605
excel/b12.xlsx,c0430a0420d08ae8b4fb2c286535dee5f767c54a2c699d9a15d71f4359b3f605
excel/b13.xlsx,c0430a0420d08ae8b4fb2c286535dee5f767c54a2c699d9a15d71f4359b3f605
excel/b14.xlsx,c0430a0420d08ae8b4fb2c286535dee5f767c54a2c699d9a15d71f4359b3f605
raw/student-mat.csv,e47f9ee225e1ee6e69b7564e6dac7123e80b8486677fe111f351964cef5dec80
results/checks.json,5991a08eee144cae6979aea0fcb3bf0e1531f44550b2fd96cea119d61baffc6c
results/values.tex,079160007fbf2ffc373a62c49ada915bf5e0d2260f58f031a394422d1514a280
student-mat.csv,e47f9ee225e1ee6e69b7564e6dac7123e80b8486677fe111f351964cef5dec80
syntax/b01.sps,ee1789e5491c8c626887ee7da1b820301c6a91fe4be33572ffd3320d351abee4
syntax/b02.sps,fa844d90f13fc55cd14a472d75f9aa658fb01fc7a3f67b1f54696a23830ba5f5
syntax/b03.sps,8fc0f23afeb4d2e24198443d89fa1757dab3168d3654e979748efbc01a98b3ec
syntax/b04.sps,a915d777e8ed5c16bbfd98285f2818cfcdd7843ed95c0ef9a3297dccd221d759
syntax/b05.sps,851ffacb2e4a9811385e8dc9aa28bc45121e1232ea0d07f361355b3f9cb46c27
syntax/b06.sps,06b6e7f18b1a3a8f67e6a2c75eff5cd3aa3b3b7fca7adac64ba0ca1322978b23
syntax/b07.sps,3f871e81db3913f3fcd85e87c3479bf494fa01763edab580c500edf87cc85f5a
syntax/b08.sps,716f1bb6341dc5b2ae71a7dfd671e03422de2138af229b4f4168d0b744ab1865
syntax/b09.sps,cf0e686710e292a1122f92b8e9bbf7bfef680e996c34456fde8007a7241f085a
syntax/b10.sps,bb769cfcf69bed3d91a84ca362743db335583afaacf49048a15eaea750445aa7
syntax/b11.sps,c3f0235dfaaf37f75b56a6fbfa464d47b43f2ef497d04eeaa0b5d71ecf011aff
syntax/b12.sps,a71a7b00edb9f85f2ef15fe00932d4c75b5fd5d6fc3ab672b2bb1bedf20345a7
syntax/b13.sps,ddcd89df2c79fbcac4ce52987804ceedfc8881c7e14f1b03c8439352ddc04ec3
syntax/b14.sps,8b53bc1b365925a3cdbafc17a29058a7defdbcd043dba1c55b631b5738a91498
syntax/open-b01.sps,1ca41f3e6afc6355424a9131304a8f64cd96d72c5000668680548508d33709b3
syntax/open-b02.sps,3f1f0890fda3ecc1861ded92897683abf38f6aff9c363bf7119f578bc409e409
syntax/open-b03.sps,a4469b4a251560555b063746560c915993fd500ac34d8080def033e26a1bb66c
syntax/open-b04.sps,3d68ea28b0b119bad661c18cca72c9f36846f1745a89f424d974f9e84055e024
syntax/open-b05.sps,acc7cb029a7ce4cef56d5289d067c50cb19ecb7f962a2dd82044436c15006936
syntax/open-b06.sps,d085c252edb5944137a01d71ecd26f0ffe12dfcd0f0f14f4d252975201819735
syntax/open-b07.sps,2f544e1bfdbefe8f43fa9e853046cdeb24c87848dfb8c9a375e60bc814b1f339
syntax/open-b08.sps,294b10468aa8a1aaa12fec2b6bf52f07e232018f0453a408271ed4995795b589
syntax/open-b09.sps,13cc10320cdd7cf931bdb867a7e381411b815acb238783223b0e8ef94100e446
syntax/open-b10.sps,d03a1fa486b337314bec6934a76ca4613176a7381eba53ab06262fe9aedfeda6
syntax/open-b11.sps,46edda5795de3246fe185c32ef608536832dae20145803e19b11b3cc07177a4a
syntax/open-b12.sps,9a88c798bec5f57713d9196a353281eb5ddf8e3b353979eeb0c22f20d2cccce8
syntax/open-b13.sps,0217c3d8cb8e79b133613134d2fc7764f5a045742fc18cea203339d30e82c9bb
syntax/open-b14.sps,9c4b86b1795c83bbb985b51b3f73f0348419223b426f914e36ba258763d7a7ad